model_folder,model_file,sprite_folder,sprite_file
0001bulbasaur,poke_capture_0001_000_mf_n_00000000_f_n.png,0001bulbasaur,bulbasaur.png
0001bulbasaur,poke_capture_0001_000_mf_n_00000000_f_r.png,0001bulbasaur,bulbasaur_shiny.png
0002ivysaur,poke_capture_0002_000_mf_n_00000000_f_n.png,0002ivysaur,ivysaur.png
0003venusaur,poke_capture_0003_000_md_n_00000000_f_n.png,0003venusaur,venusaur.png
0003venusaur,poke_capture_0003_000_md_n_00000000_f_r.png,0003venusaur,venusaur_shiny.png
0003venusaur,poke_capture_0003_000_mf_g_00000000_f_n.png,0003venusaur,venusaur-gmax.png
0003venusaur,poke_capture_0003_000_mf_g_00000000_f_r.png,0003venusaur,venusaur-gmax_shiny.png
0003venusaur,poke_capture_0003_001_mf_n_00000000_f_n.png,0003venusaur,venusaur-mega.png
0003venusaur,poke_capture_0003_001_mf_n_00000000_f_r.png,0003venusaur,venusaur-mega_shiny.png
0004charmander,poke_capture_0004_000_mf_n_00000000_f_n.png,0004charmander,charmander.png
0004charmander,poke_capture_0004_000_mf_n_00000000_f_r.png,0004charmander,charmander_shiny.png
0005charmeleon,poke_capture_0005_000_mf_n_00000000_f_n.png,0005charmeleon,charmeleon.png
0005charmeleon,poke_capture_0005_000_mf_n_00000000_f_r.png,0005charmeleon,charmeleon_shiny.png
0006charizard,poke_capture_0006_000_mf_n_00000000_f_n.png,0006charizard,charizard.png
0006charizard,poke_capture_0006_000_mf_n_00000000_f_r.png,0006charizard,charizard_shiny.png
0007squirtle,poke_capture_0007_000_mf_n_00000000_f_n.png,0007squirtle,squirtle.png
0007squirtle,poke_capture_0007_000_mf_n_00000000_f_r.png,0007squirtle,squirtle_shiny.png
0008wartortle,poke_capture_0008_000_mf_n_00000000_f_n.png,0008wartortle,wartortle.png
0008wartortle,poke_capture_0008_000_mf_n_00000000_f_r.png,0008wartortle,wartortle_shiny.png
0009blastoise,poke_capture_0009_000_mf_g_00000000_f_n.png,0009blastoise,blastoise-gmax.png
0009blastoise,poke_capture_0009_000_mf_g_00000000_f_r.png,0009blastoise,blastoise-gmax_shiny.png
0009blastoise,poke_capture_0009_001_mf_n_00000000_f_n.png,0009blastoise,blastoise-mega.png
0009blastoise,poke_capture_0009_001_mf_n_00000000_f_r.png,0009blastoise,blastoise-mega_shiny.png
0010caterpie,poke_capture_0010_000_mf_n_00000000_f_n.png,0010caterpie,caterpie.png
0010caterpie,poke_capture_0010_000_mf_n_00000000_f_r.png,0010caterpie,caterpie_shiny.png
0011metapod,poke_capture_0011_000_mf_n_00000000_f_n.png,0011metapod,metapod.png
0011metapod,poke_capture_0011_000_mf_n_00000000_f_r.png,0011metapod,metapod_shiny.png
0012butterfree,poke_capture_0012_000_fd_n_00000000_f_n.png,0012butterfree,butterfree.png
0012butterfree,poke_capture_0012_000_fd_n_00000000_f_r.png,0012butterfree,butterfree_shiny.png
0012butterfree,poke_capture_0012_000_md_n_00000000_f_r.png,0012butterfree,butterfree_shiny.png
0013weedle,poke_capture_0013_000_mf_n_00000000_f_n.png,0013weedle,weedle.png
0013weedle,poke_capture_0013_000_mf_n_00000000_f_r.png,0013weedle,weedle_shiny.png
0014kakuna,poke_capture_0014_000_mf_n_00000000_f_n.png,0014kakuna,kakuna.png
0014kakuna,poke_capture_0014_000_mf_n_00000000_f_r.png,0014kakuna,kakuna_shiny.png
0015beedrill,poke_capture_0015_000_mf_n_00000000_f_n.png,0015beedrill,beedrill.png
0015beedrill,poke_capture_0015_000_mf_n_00000000_f_r.png,0015beedrill,beedrill_shiny.png
0015beedrill,poke_capture_0015_001_mf_n_00000000_f_n.png,0015beedrill,beedrill-mega.png
0015beedrill,poke_capture_0015_001_mf_n_00000000_f_r.png,0015beedrill,beedrill-mega_shiny.png
0016pidgey,poke_capture_0016_000_mf_n_00000000_f_n.png,0016pidgey,pidgey.png
0016pidgey,poke_capture_0016_000_mf_n_00000000_f_r.png,0016pidgey,pidgey_shiny.png
0017pidgeotto,poke_capture_0017_000_mf_n_00000000_f_n.png,0017pidgeotto,pidgeotto.png
0017pidgeotto,poke_capture_0017_000_mf_n_00000000_f_r.png,0017pidgeotto,pidgeotto_shiny.png
0018pidgeot,poke_capture_0018_001_mf_n_00000000_f_n.png,0018pidgeot,pidgeot-mega.png
0018pidgeot,poke_capture_0018_001_mf_n_00000000_f_r.png,0018pidgeot,pidgeot-mega_shiny.png
0019rattata,poke_capture_0019_000_md_n_00000000_f_n.png,0019rattata,rattata.png
0019rattata,poke_capture_0019_000_md_n_00000000_f_r.png,0019rattata,rattata_shiny.png
0019rattata,poke_capture_0019_001_mf_n_00000000_f_n.png,0019rattata,rattata alola.png
0019rattata,poke_capture_0019_001_mf_n_00000000_f_r.png,0019rattata,rattata alola_shiny.png
0020raticate,poke_capture_0020_000_fd_n_00000000_f_n.png,0020raticate,raticate.png
0020raticate,poke_capture_0020_000_md_n_00000000_f_r.png,0020raticate,raticate_shiny.png
0020raticate,poke_capture_0020_001_mf_n_00000000_f_n.png,0020raticate,raticate alola.png
0020raticate,poke_capture_0020_001_mf_n_00000000_f_r.png,0020raticate,raticate alola_shiny.png
0022fearow,poke_capture_0022_000_mf_n_00000000_f_n.png,0022fearow,fearow.png
0022fearow,poke_capture_0022_000_mf_n_00000000_f_r.png,0022fearow,fearow_shiny.png
0023ekans,poke_capture_0023_000_mf_n_00000000_f_n.png,0023ekans,ekans.png
0023ekans,poke_capture_0023_000_mf_n_00000000_f_r.png,0023ekans,ekans_shiny.png
0024arbok,poke_capture_0024_000_mf_n_00000000_f_n.png,0024arbok,arbok.png
0024arbok,poke_capture_0024_000_mf_n_00000000_f_r.png,0024arbok,arbok_shiny.png
0025pikachu,poke_capture_0025_000_md_n_00000000_f_n.png,0025pikachu,pikachu.png
0025pikachu,poke_capture_0025_000_mf_g_00000000_f_n.png,0025pikachu,pikachu-gmax.png
0025pikachu,poke_capture_0025_000_mf_g_00000000_f_r.png,0025pikachu,pikachu-gmax_shiny.png
0025pikachu,poke_capture_0025_001_mo_n_00000000_f_n.png,0025pikachu,pikachu-original-cap.png
0025pikachu,poke_capture_0025_002_mo_n_00000000_f_n.png,0025pikachu,pikachu-hoenn-cap.png
0025pikachu,poke_capture_0025_003_mo_n_00000000_f_n.png,0025pikachu,pikachu-sinnoh-cap.png
0025pikachu,poke_capture_0025_004_mo_n_00000000_f_n.png,0025pikachu,pikachu-unova-cap.png
0025pikachu,poke_capture_0025_005_mo_n_00000000_f_n.png,0025pikachu,pikachu-kalos-cap.png
0025pikachu,poke_capture_0025_006_mo_n_00000000_f_n.png,0025pikachu,pikachu alola cap.png
0025pikachu,poke_capture_0025_007_mo_n_00000000_f_n.png,0025pikachu,pikachu-partner-cap.png
0025pikachu,poke_capture_0025_008_fd_n_00000000_f_n.png,0025pikachu,pikachu_female.png
0025pikachu,poke_capture_0025_008_fd_n_00000000_f_r.png,0025pikachu,pikachu_shiny_female.png
0025pikachu,poke_capture_0025_008_md_n_00000000_f_n.png,0025pikachu,pikachu.png
0025pikachu,poke_capture_0025_008_md_n_00000000_f_r.png,0025pikachu,pikachu_shiny.png
0025pikachu,poke_capture_0025_009_mo_n_00000000_f_n.png,0025pikachu,pikachu-world-cap.png
0026raichu,poke_capture_0026_000_fd_n_00000000_f_n.png,0026raichu,raichu.png
0026raichu,poke_capture_0026_000_fd_n_00000000_f_r.png,0026raichu,raichu_shiny.png
0026raichu,poke_capture_0026_000_md_n_00000000_f_n.png,0026raichu,raichu.png
0026raichu,poke_capture_0026_000_md_n_00000000_f_r.png,0026raichu,raichu_shiny.png
0026raichu,poke_capture_0026_001_mf_n_00000000_f_n.png,0026raichu,raichu alola.png
0026raichu,poke_capture_0026_001_mf_n_00000000_f_r.png,0026raichu,raichu alola_shiny.png
0027sandshrew,poke_capture_0027_000_mf_n_00000000_f_n.png,0027sandshrew,sandshrew.png
0027sandshrew,poke_capture_0027_000_mf_n_00000000_f_r.png,0027sandshrew,sandshrew_shiny.png
0030nidorina,poke_capture_0030_000_fo_n_00000000_f_n.png,0030nidorina,nidorina.png
0030nidorina,poke_capture_0030_000_fo_n_00000000_f_r.png,0030nidorina,nidorina_shiny.png
0031nidoqueen,poke_capture_0031_000_fo_n_00000000_f_n.png,0031nidoqueen,nidoqueen.png
0031nidoqueen,poke_capture_0031_000_fo_n_00000000_f_r.png,0031nidoqueen,nidoqueen_shiny.png
0032nidoran-m,poke_capture_0032_000_mo_n_00000000_f_n.png,0032nidoran-m,nidoran-m.png
0032nidoran-m,poke_capture_0032_000_mo_n_00000000_f_r.png,0032nidoran-m,nidoran-m_shiny.png
0033nidorino,poke_capture_0033_000_mo_n_00000000_f_n.png,0033nidorino,nidorino.png
0033nidorino,poke_capture_0033_000_mo_n_00000000_f_r.png,0033nidorino,nidorino_shiny.png
0034nidoking,poke_capture_0034_000_mo_n_00000000_f_n.png,0034nidoking,nidoking.png
0034nidoking,poke_capture_0034_000_mo_n_00000000_f_r.png,0034nidoking,nidoking_shiny.png
0035clefairy,poke_capture_0035_000_mf_n_00000000_f_n.png,0035clefairy,clefairy.png
0035clefairy,poke_capture_0035_000_mf_n_00000000_f_r.png,0035clefairy,clefairy_shiny.png
0036clefable,poke_capture_0036_000_mf_n_00000000_f_n.png,0036clefable,clefable.png
0036clefable,poke_capture_0036_000_mf_n_00000000_f_r.png,0036clefable,clefable_shiny.png
0037vulpix,poke_capture_0037_000_mf_n_00000000_f_n.png,0037vulpix,vulpix.png
0037vulpix,poke_capture_0037_000_mf_n_00000000_f_r.png,0037vulpix,vulpix_shiny.png
0037vulpix,poke_capture_0037_001_mf_n_00000000_f_n.png,0037vulpix,vulpix alola.png
0037vulpix,poke_capture_0037_001_mf_n_00000000_f_r.png,0037vulpix,vulpix alola_shiny.png
0039jigglypuff,poke_capture_0039_000_mf_n_00000000_f_n.png,0039jigglypuff,jigglypuff.png
0039jigglypuff,poke_capture_0039_000_mf_n_00000000_f_r.png,0039jigglypuff,jigglypuff_shiny.png
0041zubat,poke_capture_0041_000_fd_n_00000000_f_n.png,0041zubat,zubat.png
0042golbat,poke_capture_0042_000_fd_n_00000000_f_n.png,0042golbat,golbat.png
0042golbat,poke_capture_0042_000_fd_n_00000000_f_r.png,0042golbat,golbat_shiny.png
0043oddish,poke_capture_0043_000_mf_n_00000000_f_n.png,0043oddish,oddish.png
0043oddish,poke_capture_0043_000_mf_n_00000000_f_r.png,0043oddish,oddish_shiny.png
0044gloom,poke_capture_0044_000_fd_n_00000000_f_n.png,0044gloom,gloom.png
0044gloom,poke_capture_0044_000_fd_n_00000000_f_r.png,0044gloom,gloom_shiny.png
0045vileplume,poke_capture_0045_000_fd_n_00000000_f_n.png,0045vileplume,vileplume.png
0045vileplume,poke_capture_0045_000_md_n_00000000_f_r.png,0045vileplume,vileplume_shiny.png
0046paras,poke_capture_0046_000_mf_n_00000000_f_n.png,0046paras,paras.png
0046paras,poke_capture_0046_000_mf_n_00000000_f_r.png,0046paras,paras_shiny.png
0047parasect,poke_capture_0047_000_mf_n_00000000_f_n.png,0047parasect,parasect.png
0048venonat,poke_capture_0048_000_mf_n_00000000_f_r.png,0048venonat,venonat_shiny.png
0049venomoth,poke_capture_0049_000_mf_n_00000000_f_n.png,0049venomoth,venomoth.png
0049venomoth,poke_capture_0049_000_mf_n_00000000_f_r.png,0049venomoth,venomoth_shiny.png
0050diglett,poke_capture_0050_000_mf_n_00000000_f_n.png,0050diglett,diglett.png
0050diglett,poke_capture_0050_000_mf_n_00000000_f_r.png,0050diglett,diglett_shiny.png
0050diglett,poke_capture_0050_001_mf_n_00000000_f_n.png,0050diglett,diglett alola.png
0050diglett,poke_capture_0050_001_mf_n_00000000_f_r.png,0050diglett,diglett alola_shiny.png
0051dugtrio,poke_capture_0051_000_mf_n_00000000_f_n.png,0051dugtrio,dugtrio.png
0051dugtrio,poke_capture_0051_000_mf_n_00000000_f_r.png,0051dugtrio,dugtrio_shiny.png
0051dugtrio,poke_capture_0051_001_mf_n_00000000_f_n.png,0051dugtrio,dugtrio alola.png
0051dugtrio,poke_capture_0051_001_mf_n_00000000_f_r.png,0051dugtrio,dugtrio alola_shiny.png
0052meowth,poke_capture_0052_000_mf_g_00000000_f_n.png,0052meowth,meowth-gmax.png
0052meowth,poke_capture_0052_000_mf_g_00000000_f_r.png,0052meowth,meowth-gmax_shiny.png
0052meowth,poke_capture_0052_000_mf_n_00000000_f_n.png,0052meowth,meowth.png
0052meowth,poke_capture_0052_000_mf_n_00000000_f_r.png,0052meowth,meowth_shiny.png
0052meowth,poke_capture_0052_002_mf_n_00000000_f_n.png,0052meowth,meowth galar.png
0052meowth,poke_capture_0052_002_mf_n_00000000_f_r.png,0052meowth,meowth galar_shiny.png
0053persian,poke_capture_0053_001_mf_n_00000000_f_n.png,0053persian,persian alola.png
0053persian,poke_capture_0053_001_mf_n_00000000_f_r.png,0053persian,persian alola_shiny.png
0054psyduck,poke_capture_0054_000_mf_n_00000000_f_n.png,0054psyduck,psyduck.png
0054psyduck,poke_capture_0054_000_mf_n_00000000_f_r.png,0054psyduck,psyduck_shiny.png
0055golduck,poke_capture_0055_000_mf_n_00000000_f_n.png,0055golduck,golduck.png
0055golduck,poke_capture_0055_000_mf_n_00000000_f_r.png,0055golduck,golduck_shiny.png
0056mankey,poke_capture_0056_000_mf_n_00000000_f_n.png,0056mankey,mankey.png
0056mankey,poke_capture_0056_000_mf_n_00000000_f_r.png,0056mankey,mankey_shiny.png
0057primeape,poke_capture_0057_000_mf_n_00000000_f_n.png,0057primeape,primeape.png
0057primeape,poke_capture_0057_000_mf_n_00000000_f_r.png,0057primeape,primeape_shiny.png
0059arcanine,poke_capture_0059_000_mf_n_00000000_f_n.png,0059arcanine,arcanine.png
0059arcanine,poke_capture_0059_000_mf_n_00000000_f_r.png,0059arcanine,arcanine_shiny.png
0061poliwhirl,poke_capture_0061_000_mf_n_00000000_f_n.png,0061poliwhirl,poliwhirl.png
0061poliwhirl,poke_capture_0061_000_mf_n_00000000_f_r.png,0061poliwhirl,poliwhirl_shiny.png
0062poliwrath,poke_capture_0062_000_mf_n_00000000_f_n.png,0062poliwrath,poliwrath.png
0062poliwrath,poke_capture_0062_000_mf_n_00000000_f_r.png,0062poliwrath,poliwrath_shiny.png
0063abra,poke_capture_0063_000_mf_n_00000000_f_n.png,0063abra,abra.png
0063abra,poke_capture_0063_000_mf_n_00000000_f_r.png,0063abra,abra_shiny.png
0064kadabra,poke_capture_0064_000_md_n_00000000_f_n.png,0064kadabra,kadabra.png
0064kadabra,poke_capture_0064_000_md_n_00000000_f_r.png,0064kadabra,kadabra_shiny.png
0065alakazam,poke_capture_0065_000_fd_n_00000000_f_r.png,0065alakazam,alakazam_shiny.png
0065alakazam,poke_capture_0065_000_md_n_00000000_f_n.png,0065alakazam,alakazam.png
0065alakazam,poke_capture_0065_001_mf_n_00000000_f_n.png,0065alakazam,alakazam-mega.png
0065alakazam,poke_capture_0065_001_mf_n_00000000_f_r.png,0065alakazam,alakazam-mega_shiny.png
0067machoke,poke_capture_0067_000_mf_n_00000000_f_n.png,0067machoke,machoke.png
0067machoke,poke_capture_0067_000_mf_n_00000000_f_r.png,0067machoke,machoke_shiny.png
0068machamp,poke_capture_0068_000_mf_g_00000000_f_n.png,0068machamp,machamp-gmax.png
0068machamp,poke_capture_0068_000_mf_g_00000000_f_r.png,0068machamp,machamp-gmax_shiny.png
0069bellsprout,poke_capture_0069_000_mf_n_00000000_f_n.png,0069bellsprout,bellsprout.png
0069bellsprout,poke_capture_0069_000_mf_n_00000000_f_r.png,0069bellsprout,bellsprout_shiny.png
0070weepinbell,poke_capture_0070_000_mf_n_00000000_f_n.png,0070weepinbell,weepinbell.png
0070weepinbell,poke_capture_0070_000_mf_n_00000000_f_r.png,0070weepinbell,weepinbell_shiny.png
0071victreebel,poke_capture_0071_000_mf_n_00000000_f_n.png,0071victreebel,victreebel.png
0071victreebel,poke_capture_0071_000_mf_n_00000000_f_r.png,0071victreebel,victreebel_shiny.png
0072tentacool,poke_capture_0072_000_mf_n_00000000_f_n.png,0072tentacool,tentacool.png
0072tentacool,poke_capture_0072_000_mf_n_00000000_f_r.png,0072tentacool,tentacool_shiny.png
0073tentacruel,poke_capture_0073_000_mf_n_00000000_f_n.png,0073tentacruel,tentacruel.png
0073tentacruel,poke_capture_0073_000_mf_n_00000000_f_r.png,0073tentacruel,tentacruel_shiny.png
0074geodude,poke_capture_0074_000_mf_n_00000000_f_n.png,0074geodude,geodude.png
0074geodude,poke_capture_0074_000_mf_n_00000000_f_r.png,0074geodude,geodude_shiny.png
0074geodude,poke_capture_0074_001_mf_n_00000000_f_n.png,0074geodude,geodude alola.png
0074geodude,poke_capture_0074_001_mf_n_00000000_f_r.png,0074geodude,geodude alola_shiny.png
0075graveler,poke_capture_0075_000_mf_n_00000000_f_n.png,0075graveler,graveler.png
0075graveler,poke_capture_0075_000_mf_n_00000000_f_r.png,0075graveler,graveler_shiny.png
0076golem,poke_capture_0076_000_mf_n_00000000_f_n.png,0076golem,golem.png
0076golem,poke_capture_0076_000_mf_n_00000000_f_r.png,0076golem,golem_shiny.png
0076golem,poke_capture_0076_001_mf_n_00000000_f_n.png,0076golem,golem alola.png
0076golem,poke_capture_0076_001_mf_n_00000000_f_r.png,0076golem,golem alola_shiny.png
0077ponyta,poke_capture_0077_000_mf_n_00000000_f_n.png,0077ponyta,ponyta.png
0077ponyta,poke_capture_0077_000_mf_n_00000000_f_r.png,0077ponyta,ponyta_shiny.png
0077ponyta,poke_capture_0077_001_mf_n_00000000_f_n.png,0077ponyta,ponyta galar.png
0077ponyta,poke_capture_0077_001_mf_n_00000000_f_r.png,0077ponyta,ponyta galar_shiny.png
0078rapidash,poke_capture_0078_001_mf_n_00000000_f_n.png,0078rapidash,rapidash galar.png
0078rapidash,poke_capture_0078_001_mf_n_00000000_f_r.png,0078rapidash,rapidash galar_shiny.png
0079slowpoke,poke_capture_0079_000_mf_n_00000000_f_n.png,0079slowpoke,slowpoke.png
0079slowpoke,poke_capture_0079_000_mf_n_00000000_f_r.png,0079slowpoke,slowpoke_shiny.png
0079slowpoke,poke_capture_0079_001_mf_n_00000000_f_n.png,0079slowpoke,slowpoke galar.png
0079slowpoke,poke_capture_0079_001_mf_n_00000000_f_r.png,0079slowpoke,slowpoke galar_shiny.png
0080slowbro,poke_capture_0080_000_mf_n_00000000_f_n.png,0080slowbro,slowbro.png
0080slowbro,poke_capture_0080_000_mf_n_00000000_f_r.png,0080slowbro,slowbro_shiny.png
0080slowbro,poke_capture_0080_001_mf_n_00000000_f_n.png,0080slowbro,slowbro-mega.png
0080slowbro,poke_capture_0080_001_mf_n_00000000_f_r.png,0080slowbro,slowbro-mega_shiny.png
0081magnemite,poke_capture_0081_000_uk_n_00000000_f_n.png,0081magnemite,magnemite.png
0081magnemite,poke_capture_0081_000_uk_n_00000000_f_r.png,0081magnemite,magnemite_shiny.png
0082magneton,poke_capture_0082_000_uk_n_00000000_f_n.png,0082magneton,magneton.png
0082magneton,poke_capture_0082_000_uk_n_00000000_f_r.png,0082magneton,magneton_shiny.png
0083farfetch'd,poke_capture_0083_000_mf_n_00000000_f_n.png,0083farfetch'd,farfetch_d.png
0083farfetch'd,poke_capture_0083_000_mf_n_00000000_f_r.png,0083farfetch'd,farfetch_d_shiny.png
0083farfetch'd,poke_capture_0083_001_mf_n_00000000_f_n.png,0083farfetch'd,farfetch_d_galar.png
0083farfetch'd,poke_capture_0083_001_mf_n_00000000_f_r.png,0083farfetch'd,farfetch_d_galar_shiny.png
0084doduo,poke_capture_0084_000_fd_n_00000000_f_n.png,0084doduo,doduo.png
0084doduo,poke_capture_0084_000_fd_n_00000000_f_r.png,0084doduo,doduo_shiny.png
0085dodrio,poke_capture_0085_000_fd_n_00000000_f_n.png,0085dodrio,dodrio.png
0085dodrio,poke_capture_0085_000_fd_n_00000000_f_r.png,0085dodrio,dodrio_shiny.png
0086seel,poke_capture_0086_000_mf_n_00000000_f_n.png,0086seel,seel.png
0086seel,poke_capture_0086_000_mf_n_00000000_f_r.png,0086seel,seel_shiny.png
0087dewgong,poke_capture_0087_000_mf_n_00000000_f_n.png,0087dewgong,dewgong.png
0087dewgong,poke_capture_0087_000_mf_n_00000000_f_r.png,0087dewgong,dewgong_shiny.png
0088grimer,poke_capture_0088_000_mf_n_00000000_f_n.png,0088grimer,grimer.png
0088grimer,poke_capture_0088_000_mf_n_00000000_f_r.png,0088grimer,grimer_shiny.png
0088grimer,poke_capture_0088_001_mf_n_00000000_f_n.png,0088grimer,grimer alola.png
0088grimer,poke_capture_0088_001_mf_n_00000000_f_r.png,0088grimer,grimer alola_shiny.png
0089muk,poke_capture_0089_001_mf_n_00000000_f_n.png,0089muk,muk alola.png
0089muk,poke_capture_0089_001_mf_n_00000000_f_r.png,0089muk,muk alola_shiny.png
0090shellder,poke_capture_0090_000_mf_n_00000000_f_n.png,0090shellder,shellder.png
0090shellder,poke_capture_0090_000_mf_n_00000000_f_r.png,0090shellder,shellder_shiny.png
0091cloyster,poke_capture_0091_000_mf_n_00000000_f_n.png,0091cloyster,cloyster.png
0091cloyster,poke_capture_0091_000_mf_n_00000000_f_r.png,0091cloyster,cloyster_shiny.png
0092gastly,poke_capture_0092_000_mf_n_00000000_f_n.png,0092gastly,gastly.png
0092gastly,poke_capture_0092_000_mf_n_00000000_f_r.png,0092gastly,gastly_shiny.png
0093haunter,poke_capture_0093_000_mf_n_00000000_f_n.png,0093haunter,haunter.png
0093haunter,poke_capture_0093_000_mf_n_00000000_f_r.png,0093haunter,haunter_shiny.png
0094gengar,poke_capture_0094_001_mf_n_00000000_f_n.png,0094gengar,gengar-mega.png
0094gengar,poke_capture_0094_001_mf_n_00000000_f_r.png,0094gengar,gengar-mega_shiny.png
0095onix,poke_capture_0095_000_mf_n_00000000_f_n.png,0095onix,onix.png
0095onix,poke_capture_0095_000_mf_n_00000000_f_r.png,0095onix,onix_shiny.png
0097hypno,poke_capture_0097_000_fd_n_00000000_f_n.png,0097hypno,hypno.png
0097hypno,poke_capture_0097_000_md_n_00000000_f_r.png,0097hypno,hypno_shiny.png
0098krabby,poke_capture_0098_000_mf_n_00000000_f_n.png,0098krabby,krabby.png
0098krabby,poke_capture_0098_000_mf_n_00000000_f_r.png,0098krabby,krabby_shiny.png
0099kingler,poke_capture_0099_000_mf_g_00000000_f_n.png,0099kingler,kingler-gmax.png
0099kingler,poke_capture_0099_000_mf_g_00000000_f_r.png,0099kingler,kingler-gmax_shiny.png
0099kingler,poke_capture_0099_000_mf_n_00000000_f_n.png,0099kingler,kingler.png
0099kingler,poke_capture_0099_000_mf_n_00000000_f_r.png,0099kingler,kingler_shiny.png
0101electrode,poke_capture_0101_000_uk_n_00000000_f_n.png,0101electrode,electrode.png
0101electrode,poke_capture_0101_000_uk_n_00000000_f_r.png,0101electrode,electrode_shiny.png
0102exeggcute,poke_capture_0102_000_mf_n_00000000_f_n.png,0102exeggcute,exeggcute.png
0102exeggcute,poke_capture_0102_000_mf_n_00000000_f_r.png,0102exeggcute,exeggcute_shiny.png
0103exeggutor,poke_capture_0103_000_mf_n_00000000_f_n.png,0103exeggutor,exeggutor.png
0103exeggutor,poke_capture_0103_000_mf_n_00000000_f_r.png,0103exeggutor,exeggutor_shiny.png
0103exeggutor,poke_capture_0103_001_mf_n_00000000_f_n.png,0103exeggutor,exeggutor alola.png
0103exeggutor,poke_capture_0103_001_mf_n_00000000_f_r.png,0103exeggutor,exeggutor alola_shiny.png
0104cubone,poke_capture_0104_000_mf_n_00000000_f_n.png,0104cubone,cubone.png
0104cubone,poke_capture_0104_000_mf_n_00000000_f_r.png,0104cubone,cubone_shiny.png
0105marowak,poke_capture_0105_000_mf_n_00000000_f_n.png,0105marowak,marowak.png
0105marowak,poke_capture_0105_000_mf_n_00000000_f_r.png,0105marowak,marowak_shiny.png
0105marowak,poke_capture_0105_001_mf_n_00000000_f_n.png,0105marowak,marowak alola.png
0105marowak,poke_capture_0105_001_mf_n_00000000_f_r.png,0105marowak,marowak alola_shiny.png
0107hitmonchan,poke_capture_0107_000_mo_n_00000000_f_n.png,0107hitmonchan,hitmonchan.png
0107hitmonchan,poke_capture_0107_000_mo_n_00000000_f_r.png,0107hitmonchan,hitmonchan_shiny.png
0108lickitung,poke_capture_0108_000_mf_n_00000000_f_n.png,0108lickitung,lickitung.png
0108lickitung,poke_capture_0108_000_mf_n_00000000_f_r.png,0108lickitung,lickitung_shiny.png
0109koffing,poke_capture_0109_000_mf_n_00000000_f_n.png,0109koffing,koffing.png
0109koffing,poke_capture_0109_000_mf_n_00000000_f_r.png,0109koffing,koffing_shiny.png
0110weezing,poke_capture_0110_000_mf_n_00000000_f_n.png,0110weezing,weezing.png
0110weezing,poke_capture_0110_000_mf_n_00000000_f_r.png,0110weezing,weezing_shiny.png
0110weezing,poke_capture_0110_001_mf_n_00000000_f_n.png,0110weezing,weezing galar.png
0110weezing,poke_capture_0110_001_mf_n_00000000_f_r.png,0110weezing,weezing galar_shiny.png
0111rhyhorn,poke_capture_0111_000_fd_n_00000000_f_n.png,0111rhyhorn,rhyhorn.png
0111rhyhorn,poke_capture_0111_000_fd_n_00000000_f_r.png,0111rhyhorn,rhyhorn_shiny.png
0112rhydon,poke_capture_0112_000_fd_n_00000000_f_n.png,0112rhydon,rhydon.png
0112rhydon,poke_capture_0112_000_md_n_00000000_f_r.png,0112rhydon,rhydon_shiny.png
0113chansey,poke_capture_0113_000_fo_n_00000000_f_n.png,0113chansey,chansey.png
0113chansey,poke_capture_0113_000_fo_n_00000000_f_r.png,0113chansey,chansey_shiny.png
0115kangaskhan,poke_capture_0115_000_fo_n_00000000_f_n.png,0115kangaskhan,kangaskhan.png
0115kangaskhan,poke_capture_0115_000_fo_n_00000000_f_r.png,0115kangaskhan,kangaskhan_shiny.png
0116horsea,poke_capture_0116_000_mf_n_00000000_f_n.png,0116horsea,horsea.png
0116horsea,poke_capture_0116_000_mf_n_00000000_f_r.png,0116horsea,horsea_shiny.png
0117seadra,poke_capture_0117_000_mf_n_00000000_f_n.png,0117seadra,seadra.png
0117seadra,poke_capture_0117_000_mf_n_00000000_f_r.png,0117seadra,seadra_shiny.png
0119seaking,poke_capture_0119_000_md_n_00000000_f_n.png,0119seaking,seaking.png
0119seaking,poke_capture_0119_000_md_n_00000000_f_r.png,0119seaking,seaking_shiny.png
0120staryu,poke_capture_0120_000_uk_n_00000000_f_n.png,0120staryu,staryu.png
0120staryu,poke_capture_0120_000_uk_n_00000000_f_r.png,0120staryu,staryu_shiny.png
0121starmie,poke_capture_0121_000_uk_n_00000000_f_n.png,0121starmie,starmie.png
0121starmie,poke_capture_0121_000_uk_n_00000000_f_r.png,0121starmie,starmie_shiny.png
0122mr. mime,poke_capture_0122_000_mf_n_00000000_f_n.png,0122mr. mime,mr. mime.png
0122mr. mime,poke_capture_0122_000_mf_n_00000000_f_r.png,0122mr. mime,mr. mime_shiny.png
0122mr. mime,poke_capture_0122_001_mf_n_00000000_f_n.png,0122mr. mime,mr. mime_galar.png
0122mr. mime,poke_capture_0122_001_mf_n_00000000_f_r.png,0122mr. mime,mr. mime_galar_shiny.png
0123scyther,poke_capture_0123_000_fd_n_00000000_f_n.png,0123scyther,scyther.png
0123scyther,poke_capture_0123_000_fd_n_00000000_f_r.png,0123scyther,scyther_shiny.png
0123scyther,poke_capture_0123_000_md_n_00000000_f_n.png,0123scyther,scyther.png
0123scyther,poke_capture_0123_000_md_n_00000000_f_r.png,0123scyther,scyther_shiny.png
0124jynx,poke_capture_0124_000_fo_n_00000000_f_n.png,0124jynx,jynx.png
0124jynx,poke_capture_0124_000_fo_n_00000000_f_r.png,0124jynx,jynx_shiny.png
0125electabuzz,poke_capture_0125_000_mf_n_00000000_f_n.png,0125electabuzz,electabuzz.png
0125electabuzz,poke_capture_0125_000_mf_n_00000000_f_r.png,0125electabuzz,electabuzz_shiny.png
0126magmar,poke_capture_0126_000_mf_n_00000000_f_n.png,0126magmar,magmar.png
0126magmar,poke_capture_0126_000_mf_n_00000000_f_r.png,0126magmar,magmar_shiny.png
0127pinsir,poke_capture_0127_000_mf_n_00000000_f_n.png,0127pinsir,pinsir.png
0127pinsir,poke_capture_0127_000_mf_n_00000000_f_r.png,0127pinsir,pinsir_shiny.png
0127pinsir,poke_capture_0127_001_mf_n_00000000_f_n.png,0127pinsir,pinsir-mega.png
0127pinsir,poke_capture_0127_001_mf_n_00000000_f_r.png,0127pinsir,pinsir-mega_shiny.png
0128tauros,poke_capture_0128_000_mo_n_00000000_f_n.png,0128tauros,tauros.png
0128tauros,poke_capture_0128_000_mo_n_00000000_f_r.png,0128tauros,tauros_shiny.png
0129magikarp,poke_capture_0129_000_md_n_00000000_f_n.png,0129magikarp,magikarp.png
0129magikarp,poke_capture_0129_000_md_n_00000000_f_r.png,0129magikarp,magikarp_shiny.png
0130gyarados,poke_capture_0130_000_md_n_00000000_f_n.png,0130gyarados,gyarados.png
0130gyarados,poke_capture_0130_000_md_n_00000000_f_r.png,0130gyarados,gyarados_shiny.png
0130gyarados,poke_capture_0130_001_mf_n_00000000_f_n.png,0130gyarados,gyarados-mega.png
0130gyarados,poke_capture_0130_001_mf_n_00000000_f_r.png,0130gyarados,gyarados-mega_shiny.png
0131lapras,poke_capture_0131_000_mf_g_00000000_f_n.png,0131lapras,lapras-gmax.png
0131lapras,poke_capture_0131_000_mf_g_00000000_f_r.png,0131lapras,lapras-gmax_shiny.png
0131lapras,poke_capture_0131_000_mf_n_00000000_f_n.png,0131lapras,lapras.png
0131lapras,poke_capture_0131_000_mf_n_00000000_f_r.png,0131lapras,lapras_shiny.png
0132ditto,poke_capture_0132_000_uk_n_00000000_f_n.png,0132ditto,ditto.png
0132ditto,poke_capture_0132_000_uk_n_00000000_f_r.png,0132ditto,ditto_shiny.png
0133eevee,poke_capture_0133_000_fd_n_00000000_f_n.png,0133eevee,eevee.png
0133eevee,poke_capture_0133_000_md_n_00000000_f_r.png,0133eevee,eevee_shiny.png
0135jolteon,poke_capture_0135_000_mf_n_00000000_f_n.png,0135jolteon,jolteon.png
0135jolteon,poke_capture_0135_000_mf_n_00000000_f_r.png,0135jolteon,jolteon_shiny.png
0136flareon,poke_capture_0136_000_mf_n_00000000_f_n.png,0136flareon,flareon.png
0136flareon,poke_capture_0136_000_mf_n_00000000_f_r.png,0136flareon,flareon_shiny.png
0137porygon,poke_capture_0137_000_uk_n_00000000_f_n.png,0137porygon,porygon.png
0137porygon,poke_capture_0137_000_uk_n_00000000_f_r.png,0137porygon,porygon_shiny.png
0138omanyte,poke_capture_0138_000_mf_n_00000000_f_n.png,0138omanyte,omanyte.png
0138omanyte,poke_capture_0138_000_mf_n_00000000_f_r.png,0138omanyte,omanyte_shiny.png
0139omastar,poke_capture_0139_000_mf_n_00000000_f_n.png,0139omastar,omastar.png
0139omastar,poke_capture_0139_000_mf_n_00000000_f_r.png,0139omastar,omastar_shiny.png
0140kabuto,poke_capture_0140_000_mf_n_00000000_f_n.png,0140kabuto,kabuto.png
0140kabuto,poke_capture_0140_000_mf_n_00000000_f_r.png,0140kabuto,kabuto_shiny.png
0141kabutops,poke_capture_0141_000_mf_n_00000000_f_n.png,0141kabutops,kabutops.png
0141kabutops,poke_capture_0141_000_mf_n_00000000_f_r.png,0141kabutops,kabutops_shiny.png
0142aerodactyl,poke_capture_0142_000_mf_n_00000000_f_n.png,0142aerodactyl,aerodactyl.png
0142aerodactyl,poke_capture_0142_000_mf_n_00000000_f_r.png,0142aerodactyl,aerodactyl_shiny.png
0142aerodactyl,poke_capture_0142_001_mf_n_00000000_f_n.png,0142aerodactyl,aerodactyl-mega.png
0142aerodactyl,poke_capture_0142_001_mf_n_00000000_f_r.png,0142aerodactyl,aerodactyl-mega_shiny.png
0143snorlax,poke_capture_0143_000_mf_g_00000000_f_n.png,0143snorlax,snorlax-gmax.png
0143snorlax,poke_capture_0143_000_mf_g_00000000_f_r.png,0143snorlax,snorlax-gmax_shiny.png
0143snorlax,poke_capture_0143_000_mf_n_00000000_f_n.png,0143snorlax,snorlax.png
0143snorlax,poke_capture_0143_000_mf_n_00000000_f_r.png,0143snorlax,snorlax_shiny.png
0144articuno,poke_capture_0144_000_uk_n_00000000_f_n.png,0144articuno,articuno.png
0144articuno,poke_capture_0144_000_uk_n_00000000_f_r.png,0144articuno,articuno_shiny.png
0144articuno,poke_capture_0144_001_uk_n_00000000_f_n.png,0144articuno,articuno galar.png
0144articuno,poke_capture_0144_001_uk_n_00000000_f_r.png,0144articuno,articuno galar_shiny.png
0145zapdos,poke_capture_0145_000_uk_n_00000000_f_n.png,0145zapdos,zapdos.png
0145zapdos,poke_capture_0145_000_uk_n_00000000_f_r.png,0145zapdos,zapdos_shiny.png
0146moltres,poke_capture_0146_001_uk_n_00000000_f_n.png,0146moltres,moltres galar.png
0146moltres,poke_capture_0146_001_uk_n_00000000_f_r.png,0146moltres,moltres galar_shiny.png
0148dragonair,poke_capture_0148_000_mf_n_00000000_f_n.png,0148dragonair,dragonair.png
0148dragonair,poke_capture_0148_000_mf_n_00000000_f_r.png,0148dragonair,dragonair_shiny.png
0149dragonite,poke_capture_0149_000_mf_n_00000000_f_n.png,0149dragonite,dragonite.png
0149dragonite,poke_capture_0149_000_mf_n_00000000_f_r.png,0149dragonite,dragonite_shiny.png
0150mewtwo,poke_capture_0150_002_uk_n_00000000_f_n.png,0150mewtwo,mewtwo-mega-y.png
0150mewtwo,poke_capture_0150_002_uk_n_00000000_f_r.png,0150mewtwo,mewtwo-mega-y_shiny.png
0151mew,poke_capture_0151_000_uk_n_00000000_f_n.png,0151mew,mew.png
0151mew,poke_capture_0151_000_uk_n_00000000_f_r.png,0151mew,mew_shiny.png
0152chikorita,poke_capture_0152_000_mf_n_00000000_f_n.png,0152chikorita,chikorita.png
0152chikorita,poke_capture_0152_000_mf_n_00000000_f_r.png,0152chikorita,chikorita_shiny.png
0153bayleef,poke_capture_0153_000_mf_n_00000000_f_n.png,0153bayleef,bayleef.png
0153bayleef,poke_capture_0153_000_mf_n_00000000_f_r.png,0153bayleef,bayleef_shiny.png
0157typhlosion,poke_capture_0157_000_mf_n_00000000_f_n.png,0157typhlosion,typhlosion.png
0157typhlosion,poke_capture_0157_000_mf_n_00000000_f_r.png,0157typhlosion,typhlosion_shiny.png
0158totodile,poke_capture_0158_000_mf_n_00000000_f_n.png,0158totodile,totodile.png
0158totodile,poke_capture_0158_000_mf_n_00000000_f_r.png,0158totodile,totodile_shiny.png
0159croconaw,poke_capture_0159_000_mf_n_00000000_f_n.png,0159croconaw,croconaw.png
0159croconaw,poke_capture_0159_000_mf_n_00000000_f_r.png,0159croconaw,croconaw_shiny.png
0160feraligatr,poke_capture_0160_000_mf_n_00000000_f_n.png,0160feraligatr,feraligatr.png
0160feraligatr,poke_capture_0160_000_mf_n_00000000_f_r.png,0160feraligatr,feraligatr_shiny.png
0161sentret,poke_capture_0161_000_mf_n_00000000_f_n.png,0161sentret,sentret.png
0161sentret,poke_capture_0161_000_mf_n_00000000_f_r.png,0161sentret,sentret_shiny.png
0162furret,poke_capture_0162_000_mf_n_00000000_f_n.png,0162furret,furret.png
0162furret,poke_capture_0162_000_mf_n_00000000_f_r.png,0162furret,furret_shiny.png
0163hoothoot,poke_capture_0163_000_mf_n_00000000_f_n.png,0163hoothoot,hoothoot.png
0163hoothoot,poke_capture_0163_000_mf_n_00000000_f_r.png,0163hoothoot,hoothoot_shiny.png
0164noctowl,poke_capture_0164_000_mf_n_00000000_f_n.png,0164noctowl,noctowl.png
0164noctowl,poke_capture_0164_000_mf_n_00000000_f_r.png,0164noctowl,noctowl_shiny.png
0165ledyba,poke_capture_0165_000_fd_n_00000000_f_n.png,0165ledyba,ledyba.png
0165ledyba,poke_capture_0165_000_md_n_00000000_f_r.png,0165ledyba,ledyba_shiny.png
0166ledian,poke_capture_0166_000_md_n_00000000_f_n.png,0166ledian,ledian.png
0166ledian,poke_capture_0166_000_md_n_00000000_f_r.png,0166ledian,ledian_shiny.png
0167spinarak,poke_capture_0167_000_mf_n_00000000_f_n.png,0167spinarak,spinarak.png
0167spinarak,poke_capture_0167_000_mf_n_00000000_f_r.png,0167spinarak,spinarak_shiny.png
0168ariados,poke_capture_0168_000_mf_n_00000000_f_n.png,0168ariados,ariados.png
0168ariados,poke_capture_0168_000_mf_n_00000000_f_r.png,0168ariados,ariados_shiny.png
0170chinchou,poke_capture_0170_000_mf_n_00000000_f_n.png,0170chinchou,chinchou.png
0170chinchou,poke_capture_0170_000_mf_n_00000000_f_r.png,0170chinchou,chinchou_shiny.png
0171lanturn,poke_capture_0171_000_mf_n_00000000_f_n.png,0171lanturn,lanturn.png
0171lanturn,poke_capture_0171_000_mf_n_00000000_f_r.png,0171lanturn,lanturn_shiny.png
0172pichu,poke_capture_0172_000_mf_n_00000000_f_n.png,0172pichu,pichu.png
0172pichu,poke_capture_0172_000_mf_n_00000000_f_r.png,0172pichu,pichu_shiny.png
0173cleffa,poke_capture_0173_000_mf_n_00000000_f_n.png,0173cleffa,cleffa_right.png
0173cleffa,poke_capture_0173_000_mf_n_00000000_f_r.png,0173cleffa,cleffa_shiny_right.png
0174igglybuff,poke_capture_0174_000_mf_n_00000000_f_n.png,0174igglybuff,igglybuff.png
0174igglybuff,poke_capture_0174_000_mf_n_00000000_f_r.png,0174igglybuff,igglybuff_shiny.png
0175togepi,poke_capture_0175_000_mf_n_00000000_f_n.png,0175togepi,togepi.png
0175togepi,poke_capture_0175_000_mf_n_00000000_f_r.png,0175togepi,togepi_shiny.png
0176togetic,poke_capture_0176_000_mf_n_00000000_f_n.png,0176togetic,togetic.png
0176togetic,poke_capture_0176_000_mf_n_00000000_f_r.png,0176togetic,togetic_shiny.png
0177natu,poke_capture_0177_000_mf_n_00000000_f_n.png,0177natu,natu.png
0177natu,poke_capture_0177_000_mf_n_00000000_f_r.png,0177natu,natu_shiny.png
0178xatu,poke_capture_0178_000_fd_n_00000000_f_n.png,0178xatu,xatu.png
0178xatu,poke_capture_0178_000_fd_n_00000000_f_r.png,0178xatu,xatu_shiny.png
0180flaaffy,poke_capture_0180_000_mf_n_00000000_f_n.png,0180flaaffy,flaaffy.png
0180flaaffy,poke_capture_0180_000_mf_n_00000000_f_r.png,0180flaaffy,flaaffy_shiny.png
0181ampharos,poke_capture_0181_000_mf_n_00000000_f_n.png,0181ampharos,ampharos.png
0181ampharos,poke_capture_0181_000_mf_n_00000000_f_r.png,0181ampharos,ampharos_shiny.png
0181ampharos,poke_capture_0181_001_mf_n_00000000_f_n.png,0181ampharos,ampharos-mega.png
0181ampharos,poke_capture_0181_001_mf_n_00000000_f_r.png,0181ampharos,ampharos-mega_shiny.png
0182bellossom,poke_capture_0182_000_mf_n_00000000_f_n.png,0182bellossom,bellossom.png
0182bellossom,poke_capture_0182_000_mf_n_00000000_f_r.png,0182bellossom,bellossom_shiny.png
0183marill,poke_capture_0183_000_mf_n_00000000_f_r.png,0183marill,marill_shiny.png
0184azumarill,poke_capture_0184_000_mf_n_00000000_f_n.png,0184azumarill,azumarill.png
0184azumarill,poke_capture_0184_000_mf_n_00000000_f_r.png,0184azumarill,azumarill_shiny.png
0185sudowoodo,poke_capture_0185_000_fd_n_00000000_f_n.png,0185sudowoodo,sudowoodo.png
0185sudowoodo,poke_capture_0185_000_fd_n_00000000_f_r.png,0185sudowoodo,sudowoodo_shiny.png
0186politoed,poke_capture_0186_000_md_n_00000000_f_n.png,0186politoed,politoed.png
0186politoed,poke_capture_0186_000_md_n_00000000_f_r.png,0186politoed,politoed_shiny.png
0187hoppip,poke_capture_0187_000_mf_n_00000000_f_n.png,0187hoppip,hoppip.png
0187hoppip,poke_capture_0187_000_mf_n_00000000_f_r.png,0187hoppip,hoppip_shiny.png
0188skiploom,poke_capture_0188_000_mf_n_00000000_f_n.png,0188skiploom,skiploom.png
0188skiploom,poke_capture_0188_000_mf_n_00000000_f_r.png,0188skiploom,skiploom_shiny.png
0189jumpluff,poke_capture_0189_000_mf_n_00000000_f_n.png,0189jumpluff,jumpluff.png
0189jumpluff,poke_capture_0189_000_mf_n_00000000_f_r.png,0189jumpluff,jumpluff_shiny.png
0191sunkern,poke_capture_0191_000_mf_n_00000000_f_n.png,0191sunkern,sunkern.png
0191sunkern,poke_capture_0191_000_mf_n_00000000_f_r.png,0191sunkern,sunkern_shiny.png
0192sunflora,poke_capture_0192_000_mf_n_00000000_f_n.png,0192sunflora,sunflora.png
0192sunflora,poke_capture_0192_000_mf_n_00000000_f_r.png,0192sunflora,sunflora_shiny.png
0193yanma,poke_capture_0193_000_mf_n_00000000_f_n.png,0193yanma,yanma.png
0193yanma,poke_capture_0193_000_mf_n_00000000_f_r.png,0193yanma,yanma_shiny.png
0196espeon,poke_capture_0196_000_mf_n_00000000_f_n.png,0196espeon,espeon.png
0196espeon,poke_capture_0196_000_mf_n_00000000_f_r.png,0196espeon,espeon_shiny.png
0198murkrow,poke_capture_0198_000_fd_n_00000000_f_n.png,0198murkrow,murkrow.png
0198murkrow,poke_capture_0198_000_fd_n_00000000_f_r.png,0198murkrow,murkrow_shiny.png
0199slowking,poke_capture_0199_000_mf_n_00000000_f_n.png,0199slowking,slowking.png
0199slowking,poke_capture_0199_000_mf_n_00000000_f_r.png,0199slowking,slowking_shiny.png
0199slowking,poke_capture_0199_001_mf_n_00000000_f_n.png,0199slowking,slowking galar.png
0199slowking,poke_capture_0199_001_mf_n_00000000_f_r.png,0199slowking,slowking galar_shiny.png
0201unown,poke_capture_0201_000_uk_n_00000000_f_n.png,0201unown,unown.png
0201unown,poke_capture_0201_000_uk_n_00000000_f_r.png,0201unown,unown_shiny.png
0201unown,poke_capture_0201_001_uk_n_00000000_f_n.png,0201unown,unown-b.png
0201unown,poke_capture_0201_001_uk_n_00000000_f_r.png,0201unown,unown-b_shiny.png
0201unown,poke_capture_0201_002_uk_n_00000000_f_n.png,0201unown,unown-c.png
0201unown,poke_capture_0201_002_uk_n_00000000_f_r.png,0201unown,unown-c_shiny.png
0201unown,poke_capture_0201_003_uk_n_00000000_f_n.png,0201unown,unown-d.png
0201unown,poke_capture_0201_003_uk_n_00000000_f_r.png,0201unown,unown-d_shiny.png
0201unown,poke_capture_0201_004_uk_n_00000000_f_n.png,0201unown,unown-e.png
0201unown,poke_capture_0201_004_uk_n_00000000_f_r.png,0201unown,unown-e_shiny.png
0201unown,poke_capture_0201_005_uk_n_00000000_f_n.png,0201unown,unown-f.png
0201unown,poke_capture_0201_005_uk_n_00000000_f_r.png,0201unown,unown-f_shiny.png
0201unown,poke_capture_0201_006_uk_n_00000000_f_n.png,0201unown,unown-g.png
0201unown,poke_capture_0201_006_uk_n_00000000_f_r.png,0201unown,unown-g_shiny.png
0201unown,poke_capture_0201_007_uk_n_00000000_f_n.png,0201unown,unown-h.png
0201unown,poke_capture_0201_007_uk_n_00000000_f_r.png,0201unown,unown-h_shiny.png
0201unown,poke_capture_0201_008_uk_n_00000000_f_n.png,0201unown,unown-i.png
0201unown,poke_capture_0201_008_uk_n_00000000_f_r.png,0201unown,unown-i_shiny.png
0201unown,poke_capture_0201_009_uk_n_00000000_f_n.png,0201unown,unown-j.png
0201unown,poke_capture_0201_009_uk_n_00000000_f_r.png,0201unown,unown-j_shiny.png
0201unown,poke_capture_0201_010_uk_n_00000000_f_n.png,0201unown,unown-k.png
0201unown,poke_capture_0201_010_uk_n_00000000_f_r.png,0201unown,unown-k_shiny.png
0201unown,poke_capture_0201_011_uk_n_00000000_f_n.png,0201unown,unown-l.png
0201unown,poke_capture_0201_011_uk_n_00000000_f_r.png,0201unown,unown-l_shiny.png
0201unown,poke_capture_0201_012_uk_n_00000000_f_n.png,0201unown,unown-m.png
0201unown,poke_capture_0201_012_uk_n_00000000_f_r.png,0201unown,unown-m_shiny.png
0201unown,poke_capture_0201_013_uk_n_00000000_f_n.png,0201unown,unown-n.png
0201unown,poke_capture_0201_013_uk_n_00000000_f_r.png,0201unown,unown-n_shiny.png
0201unown,poke_capture_0201_014_uk_n_00000000_f_n.png,0201unown,unown-o.png
0201unown,poke_capture_0201_014_uk_n_00000000_f_r.png,0201unown,unown-o_shiny.png
0201unown,poke_capture_0201_015_uk_n_00000000_f_n.png,0201unown,unown-p.png
0201unown,poke_capture_0201_015_uk_n_00000000_f_r.png,0201unown,unown-p_shiny.png
0201unown,poke_capture_0201_016_uk_n_00000000_f_n.png,0201unown,unown-q.png
0201unown,poke_capture_0201_016_uk_n_00000000_f_r.png,0201unown,unown-q_shiny.png
0201unown,poke_capture_0201_017_uk_n_00000000_f_n.png,0201unown,unown-r.png
0201unown,poke_capture_0201_017_uk_n_00000000_f_r.png,0201unown,unown-r_shiny.png
0201unown,poke_capture_0201_018_uk_n_00000000_f_n.png,0201unown,unown-s.png
0201unown,poke_capture_0201_018_uk_n_00000000_f_r.png,0201unown,unown-s_shiny.png
0201unown,poke_capture_0201_019_uk_n_00000000_f_n.png,0201unown,unown-t.png
0201unown,poke_capture_0201_019_uk_n_00000000_f_r.png,0201unown,unown-t_shiny.png
0201unown,poke_capture_0201_020_uk_n_00000000_f_n.png,0201unown,unown-u.png
0201unown,poke_capture_0201_020_uk_n_00000000_f_r.png,0201unown,unown-u_shiny.png
0201unown,poke_capture_0201_021_uk_n_00000000_f_n.png,0201unown,unown-v.png
0201unown,poke_capture_0201_021_uk_n_00000000_f_r.png,0201unown,unown-v_shiny.png
0201unown,poke_capture_0201_022_uk_n_00000000_f_n.png,0201unown,unown-w.png
0201unown,poke_capture_0201_022_uk_n_00000000_f_r.png,0201unown,unown-w_shiny.png
0201unown,poke_capture_0201_023_uk_n_00000000_f_n.png,0201unown,unown-x.png
0201unown,poke_capture_0201_023_uk_n_00000000_f_r.png,0201unown,unown-x_shiny.png
0201unown,poke_capture_0201_024_uk_n_00000000_f_n.png,0201unown,unown-y.png
0201unown,poke_capture_0201_024_uk_n_00000000_f_r.png,0201unown,unown-y_shiny.png
0201unown,poke_capture_0201_025_uk_n_00000000_f_n.png,0201unown,unown-z.png
0201unown,poke_capture_0201_025_uk_n_00000000_f_r.png,0201unown,unown-z_shiny.png
0201unown,poke_capture_0201_026_uk_n_00000000_f_n.png,0201unown,unown-exclamation.png
0201unown,poke_capture_0201_026_uk_n_00000000_f_r.png,0201unown,unown-exclamation_shiny.png
0201unown,poke_capture_0201_027_uk_n_00000000_f_n.png,0201unown,unown-question.png
0201unown,poke_capture_0201_027_uk_n_00000000_f_r.png,0201unown,unown-question_shiny.png
0202wobbuffet,poke_capture_0202_000_fd_n_00000000_f_n.png,0202wobbuffet,wobbuffet_female.png
0202wobbuffet,poke_capture_0202_000_fd_n_00000000_f_r.png,0202wobbuffet,wobbuffet_shiny_female.png
0202wobbuffet,poke_capture_0202_000_md_n_00000000_f_n.png,0202wobbuffet,wobbuffet.png
0202wobbuffet,poke_capture_0202_000_md_n_00000000_f_r.png,0202wobbuffet,wobbuffet_shiny.png
0203girafarig,poke_capture_0203_000_fd_n_00000000_f_n.png,0203girafarig,girafarig.png
0203girafarig,poke_capture_0203_000_md_n_00000000_f_r.png,0203girafarig,girafarig_shiny.png
0204pineco,poke_capture_0204_000_mf_n_00000000_f_n.png,0204pineco,pineco.png
0204pineco,poke_capture_0204_000_mf_n_00000000_f_r.png,0204pineco,pineco_shiny.png
0205forretress,poke_capture_0205_000_mf_n_00000000_f_n.png,0205forretress,forretress.png
0205forretress,poke_capture_0205_000_mf_n_00000000_f_r.png,0205forretress,forretress_shiny.png
0206dunsparce,poke_capture_0206_000_mf_n_00000000_f_n.png,0206dunsparce,dunsparce.png
0206dunsparce,poke_capture_0206_000_mf_n_00000000_f_r.png,0206dunsparce,dunsparce_shiny.png
0207gligar,poke_capture_0207_000_fd_n_00000000_f_n.png,0207gligar,gligar.png
0207gligar,poke_capture_0207_000_fd_n_00000000_f_r.png,0207gligar,gligar_shiny.png
0208steelix,poke_capture_0208_000_fd_n_00000000_f_n.png,0208steelix,steelix.png
0208steelix,poke_capture_0208_000_fd_n_00000000_f_r.png,0208steelix,steelix_shiny.png
0208steelix,poke_capture_0208_001_mf_n_00000000_f_n.png,0208steelix,steelix-mega.png
0208steelix,poke_capture_0208_001_mf_n_00000000_f_r.png,0208steelix,steelix-mega_shiny.png
0209snubbull,poke_capture_0209_000_mf_n_00000000_f_n.png,0209snubbull,snubbull.png
0209snubbull,poke_capture_0209_000_mf_n_00000000_f_r.png,0209snubbull,snubbull_shiny.png
0212scizor,poke_capture_0212_000_fd_n_00000000_f_n.png,0212scizor,scizor.png
0212scizor,poke_capture_0212_000_md_n_00000000_f_r.png,0212scizor,scizor_shiny.png
0212scizor,poke_capture_0212_001_mf_n_00000000_f_n.png,0212scizor,scizor-mega.png
0212scizor,poke_capture_0212_001_mf_n_00000000_f_r.png,0212scizor,scizor-mega_shiny.png
0214heracross,poke_capture_0214_000_fd_n_00000000_f_n.png,0214heracross,heracross.png
0214heracross,poke_capture_0214_000_md_n_00000000_f_r.png,0214heracross,heracross_shiny.png
0214heracross,poke_capture_0214_001_mf_n_00000000_f_n.png,0214heracross,heracross-mega.png
0214heracross,poke_capture_0214_001_mf_n_00000000_f_r.png,0214heracross,heracross-mega_shiny.png
0215sneasel,poke_capture_0215_000_fd_n_00000000_f_n.png,0215sneasel,sneasel.png
0215sneasel,poke_capture_0215_000_md_n_00000000_f_r.png,0215sneasel,sneasel_shiny.png
0216teddiursa,poke_capture_0216_000_mf_n_00000000_f_n.png,0216teddiursa,teddiursa.png
0216teddiursa,poke_capture_0216_000_mf_n_00000000_f_r.png,0216teddiursa,teddiursa_shiny.png
0217ursaring,poke_capture_0217_000_fd_n_00000000_f_n.png,0217ursaring,ursaring.png
0217ursaring,poke_capture_0217_000_md_n_00000000_f_r.png,0217ursaring,ursaring_shiny.png
0218slugma,poke_capture_0218_000_mf_n_00000000_f_n.png,0218slugma,slugma.png
0218slugma,poke_capture_0218_000_mf_n_00000000_f_r.png,0218slugma,slugma_shiny.png
0219magcargo,poke_capture_0219_000_mf_n_00000000_f_n.png,0219magcargo,magcargo.png
0219magcargo,poke_capture_0219_000_mf_n_00000000_f_r.png,0219magcargo,magcargo_shiny.png
0220swinub,poke_capture_0220_000_mf_n_00000000_f_n.png,0220swinub,swinub.png
0220swinub,poke_capture_0220_000_mf_n_00000000_f_r.png,0220swinub,swinub_shiny.png
0221piloswine,poke_capture_0221_000_fd_n_00000000_f_n.png,0221piloswine,piloswine.png
0221piloswine,poke_capture_0221_000_md_n_00000000_f_r.png,0221piloswine,piloswine_shiny.png
0223remoraid,poke_capture_0223_000_mf_n_00000000_f_n.png,0223remoraid,remoraid.png
0223remoraid,poke_capture_0223_000_mf_n_00000000_f_r.png,0223remoraid,remoraid_shiny.png
0224octillery,poke_capture_0224_000_fd_n_00000000_f_n.png,0224octillery,octillery.png
0224octillery,poke_capture_0224_000_md_n_00000000_f_r.png,0224octillery,octillery_shiny.png
0225delibird,poke_capture_0225_000_mf_n_00000000_f_n.png,0225delibird,delibird.png
0225delibird,poke_capture_0225_000_mf_n_00000000_f_r.png,0225delibird,delibird_shiny.png
0226mantine,poke_capture_0226_000_mf_n_00000000_f_n.png,0226mantine,mantine.png
0226mantine,poke_capture_0226_000_mf_n_00000000_f_r.png,0226mantine,mantine_shiny.png
0227skarmory,poke_capture_0227_000_mf_n_00000000_f_n.png,0227skarmory,skarmory.png
0227skarmory,poke_capture_0227_000_mf_n_00000000_f_r.png,0227skarmory,skarmory_shiny.png
0228houndour,poke_capture_0228_000_mf_n_00000000_f_n.png,0228houndour,houndour.png
0229houndoom,poke_capture_0229_000_fd_n_00000000_f_r.png,0229houndoom,houndoom_shiny.png
0230kingdra,poke_capture_0230_000_mf_n_00000000_f_n.png,0230kingdra,kingdra.png
0230kingdra,poke_capture_0230_000_mf_n_00000000_f_r.png,0230kingdra,kingdra_shiny.png
0231phanpy,poke_capture_0231_000_mf_n_00000000_f_n.png,0231phanpy,phanpy.png
0231phanpy,poke_capture_0231_000_mf_n_00000000_f_r.png,0231phanpy,phanpy_shiny.png
0232donphan,poke_capture_0232_000_fd_n_00000000_f_n.png,0232donphan,donphan.png
0232donphan,poke_capture_0232_000_fd_n_00000000_f_r.png,0232donphan,donphan_shiny.png
0232donphan,poke_capture_0232_000_md_n_00000000_f_n.png,0232donphan,donphan.png
0232donphan,poke_capture_0232_000_md_n_00000000_f_r.png,0232donphan,donphan_shiny.png
0234stantler,poke_capture_0234_000_mf_n_00000000_f_n.png,0234stantler,stantler.png
0234stantler,poke_capture_0234_000_mf_n_00000000_f_r.png,0234stantler,stantler_shiny.png
0235smeargle,poke_capture_0235_000_mf_n_00000000_f_n.png,0235smeargle,smeargle.png
0235smeargle,poke_capture_0235_000_mf_n_00000000_f_r.png,0235smeargle,smeargle_shiny.png
0236tyrogue,poke_capture_0236_000_mo_n_00000000_f_n.png,0236tyrogue,tyrogue.png
0236tyrogue,poke_capture_0236_000_mo_n_00000000_f_r.png,0236tyrogue,tyrogue_shiny.png
0238smoochum,poke_capture_0238_000_fo_n_00000000_f_n.png,0238smoochum,smoochum.png
0239elekid,poke_capture_0239_000_mf_n_00000000_f_n.png,0239elekid,elekid.png
0239elekid,poke_capture_0239_000_mf_n_00000000_f_r.png,0239elekid,elekid_shiny.png
0240magby,poke_capture_0240_000_mf_n_00000000_f_n.png,0240magby,magby.png
0240magby,poke_capture_0240_000_mf_n_00000000_f_r.png,0240magby,magby_shiny.png
0243raikou,poke_capture_0243_000_uk_n_00000000_f_n.png,0243raikou,raikou.png
0243raikou,poke_capture_0243_000_uk_n_00000000_f_r.png,0243raikou,raikou_shiny.png
0244entei,poke_capture_0244_000_uk_n_00000000_f_n.png,0244entei,entei.png
0244entei,poke_capture_0244_000_uk_n_00000000_f_r.png,0244entei,entei_shiny.png
0245suicune,poke_capture_0245_000_uk_n_00000000_f_n.png,0245suicune,suicune.png
0245suicune,poke_capture_0245_000_uk_n_00000000_f_r.png,0245suicune,suicune_shiny.png
0246larvitar,poke_capture_0246_000_mf_n_00000000_f_n.png,0246larvitar,larvitar.png
0246larvitar,poke_capture_0246_000_mf_n_00000000_f_r.png,0246larvitar,larvitar_shiny.png
0248tyranitar,poke_capture_0248_000_mf_n_00000000_f_n.png,0248tyranitar,tyranitar.png
0248tyranitar,poke_capture_0248_000_mf_n_00000000_f_r.png,0248tyranitar,tyranitar_shiny.png
0248tyranitar,poke_capture_0248_001_mf_n_00000000_f_n.png,0248tyranitar,tyranitar-mega.png
0248tyranitar,poke_capture_0248_001_mf_n_00000000_f_r.png,0248tyranitar,tyranitar-mega_shiny.png
0249lugia,poke_capture_0249_000_uk_n_00000000_f_n.png,0249lugia,lugia.png
0249lugia,poke_capture_0249_000_uk_n_00000000_f_r.png,0249lugia,lugia_shiny.png
0251celebi,poke_capture_0251_000_uk_n_00000000_f_n.png,0251celebi,celebi.png
0251celebi,poke_capture_0251_000_uk_n_00000000_f_r.png,0251celebi,celebi_shiny.png
0252treecko,poke_capture_0252_000_mf_n_00000000_f_n.png,0252treecko,treecko.png
0252treecko,poke_capture_0252_000_mf_n_00000000_f_r.png,0252treecko,treecko_shiny.png
0253grovyle,poke_capture_0253_000_mf_n_00000000_f_n.png,0253grovyle,grovyle.png
0253grovyle,poke_capture_0253_000_mf_n_00000000_f_r.png,0253grovyle,grovyle_shiny.png
0254sceptile,poke_capture_0254_000_mf_n_00000000_f_n.png,0254sceptile,sceptile.png
0254sceptile,poke_capture_0254_000_mf_n_00000000_f_r.png,0254sceptile,sceptile_shiny.png
0255torchic,poke_capture_0255_000_fd_n_00000000_f_n.png,0255torchic,torchic.png
0255torchic,poke_capture_0255_000_fd_n_00000000_f_r.png,0255torchic,torchic_shiny.png
0256combusken,poke_capture_0256_000_fd_n_00000000_f_n.png,0256combusken,combusken.png
0256combusken,poke_capture_0256_000_fd_n_00000000_f_r.png,0256combusken,combusken_shiny.png
0257blaziken,poke_capture_0257_000_fd_n_00000000_f_n.png,0257blaziken,blaziken.png
0257blaziken,poke_capture_0257_001_mf_n_00000000_f_n.png,0257blaziken,blaziken-mega.png
0257blaziken,poke_capture_0257_001_mf_n_00000000_f_r.png,0257blaziken,blaziken-mega_shiny.png
0258mudkip,poke_capture_0258_000_mf_n_00000000_f_n.png,0258mudkip,mudkip.png
0259marshtomp,poke_capture_0259_000_mf_n_00000000_f_n.png,0259marshtomp,marshtomp.png
0259marshtomp,poke_capture_0259_000_mf_n_00000000_f_r.png,0259marshtomp,marshtomp_shiny.png
0260swampert,poke_capture_0260_000_mf_n_00000000_f_n.png,0260swampert,swampert.png
0260swampert,poke_capture_0260_000_mf_n_00000000_f_r.png,0260swampert,swampert_shiny.png
0260swampert,poke_capture_0260_001_mf_n_00000000_f_n.png,0260swampert,swampert-mega.png
0260swampert,poke_capture_0260_001_mf_n_00000000_f_r.png,0260swampert,swampert-mega_shiny.png
0261poochyena,poke_capture_0261_000_mf_n_00000000_f_n.png,0261poochyena,poochyena.png
0261poochyena,poke_capture_0261_000_mf_n_00000000_f_r.png,0261poochyena,poochyena_shiny.png
0262mightyena,poke_capture_0262_000_mf_n_00000000_f_n.png,0262mightyena,mightyena.png
0262mightyena,poke_capture_0262_000_mf_n_00000000_f_r.png,0262mightyena,mightyena_shiny.png
0263zigzagoon,poke_capture_0263_000_mf_n_00000000_f_n.png,0263zigzagoon,zigzagoon.png
0263zigzagoon,poke_capture_0263_000_mf_n_00000000_f_r.png,0263zigzagoon,zigzagoon_shiny.png
0263zigzagoon,poke_capture_0263_001_mf_n_00000000_f_n.png,0263zigzagoon,zigzagoon galar.png
0263zigzagoon,poke_capture_0263_001_mf_n_00000000_f_r.png,0263zigzagoon,zigzagoon galar_shiny.png
0264linoone,poke_capture_0264_000_mf_n_00000000_f_n.png,0264linoone,linoone.png
0264linoone,poke_capture_0264_000_mf_n_00000000_f_r.png,0264linoone,linoone_shiny.png
0265wurmple,poke_capture_0265_000_mf_n_00000000_f_n.png,0265wurmple,wurmple.png
0266silcoon,poke_capture_0266_000_mf_n_00000000_f_n.png,0266silcoon,silcoon.png
0266silcoon,poke_capture_0266_000_mf_n_00000000_f_r.png,0266silcoon,silcoon_shiny.png
0267beautifly,poke_capture_0267_000_fd_n_00000000_f_n.png,0267beautifly,beautifly.png
0267beautifly,poke_capture_0267_000_fd_n_00000000_f_r.png,0267beautifly,beautifly_shiny.png
0268cascoon,poke_capture_0268_000_mf_n_00000000_f_n.png,0268cascoon,cascoon.png
0269dustox,poke_capture_0269_000_fd_n_00000000_f_n.png,0269dustox,dustox.png
0270lotad,poke_capture_0270_000_mf_n_00000000_f_n.png,0270lotad,lotad.png
0270lotad,poke_capture_0270_000_mf_n_00000000_f_r.png,0270lotad,lotad_shiny.png
0271lombre,poke_capture_0271_000_mf_n_00000000_f_n.png,0271lombre,lombre.png
0272ludicolo,poke_capture_0272_000_fd_n_00000000_f_n.png,0272ludicolo,ludicolo.png
0272ludicolo,poke_capture_0272_000_fd_n_00000000_f_r.png,0272ludicolo,ludicolo_shiny.png
0273seedot,poke_capture_0273_000_mf_n_00000000_f_n.png,0273seedot,seedot.png
0273seedot,poke_capture_0273_000_mf_n_00000000_f_r.png,0273seedot,seedot_shiny.png
0274nuzleaf,poke_capture_0274_000_fd_n_00000000_f_n.png,0274nuzleaf,nuzleaf.png
0274nuzleaf,poke_capture_0274_000_md_n_00000000_f_r.png,0274nuzleaf,nuzleaf_shiny.png
0275shiftry,poke_capture_0275_000_fd_n_00000000_f_n.png,0275shiftry,shiftry.png
0275shiftry,poke_capture_0275_000_fd_n_00000000_f_r.png,0275shiftry,shiftry_shiny.png
0276taillow,poke_capture_0276_000_mf_n_00000000_f_n.png,0276taillow,taillow.png
0276taillow,poke_capture_0276_000_mf_n_00000000_f_r.png,0276taillow,taillow_shiny.png
0277swellow,poke_capture_0277_000_mf_n_00000000_f_n.png,0277swellow,swellow.png
0277swellow,poke_capture_0277_000_mf_n_00000000_f_r.png,0277swellow,swellow_shiny.png
0278wingull,poke_capture_0278_000_mf_n_00000000_f_n.png,0278wingull,wingull.png
0278wingull,poke_capture_0278_000_mf_n_00000000_f_r.png,0278wingull,wingull_shiny.png
0279pelipper,poke_capture_0279_000_mf_n_00000000_f_n.png,0279pelipper,pelipper.png
0279pelipper,poke_capture_0279_000_mf_n_00000000_f_r.png,0279pelipper,pelipper_shiny.png
0280ralts,poke_capture_0280_000_mf_n_00000000_f_n.png,0280ralts,ralts.png
0280ralts,poke_capture_0280_000_mf_n_00000000_f_r.png,0280ralts,ralts_shiny.png
0281kirlia,poke_capture_0281_000_mf_n_00000000_f_n.png,0281kirlia,kirlia.png
0281kirlia,poke_capture_0281_000_mf_n_00000000_f_r.png,0281kirlia,kirlia_shiny.png
0282gardevoir,poke_capture_0282_001_mf_n_00000000_f_n.png,0282gardevoir,gardevoir-mega.png
0282gardevoir,poke_capture_0282_001_mf_n_00000000_f_r.png,0282gardevoir,gardevoir-mega_shiny.png
0283surskit,poke_capture_0283_000_mf_n_00000000_f_n.png,0283surskit,surskit.png
0283surskit,poke_capture_0283_000_mf_n_00000000_f_r.png,0283surskit,surskit_shiny.png
0284masquerain,poke_capture_0284_000_mf_n_00000000_f_n.png,0284masquerain,masquerain.png
0284masquerain,poke_capture_0284_000_mf_n_00000000_f_r.png,0284masquerain,masquerain_shiny.png
0285shroomish,poke_capture_0285_000_mf_n_00000000_f_n.png,0285shroomish,shroomish.png
0285shroomish,poke_capture_0285_000_mf_n_00000000_f_r.png,0285shroomish,shroomish_shiny.png
0286breloom,poke_capture_0286_000_mf_n_00000000_f_n.png,0286breloom,breloom.png
0286breloom,poke_capture_0286_000_mf_n_00000000_f_r.png,0286breloom,breloom_shiny.png
0287slakoth,poke_capture_0287_000_mf_n_00000000_f_n.png,0287slakoth,slakoth.png
0287slakoth,poke_capture_0287_000_mf_n_00000000_f_r.png,0287slakoth,slakoth_shiny.png
0288vigoroth,poke_capture_0288_000_mf_n_00000000_f_n.png,0288vigoroth,vigoroth.png
0288vigoroth,poke_capture_0288_000_mf_n_00000000_f_r.png,0288vigoroth,vigoroth_shiny.png
0289slaking,poke_capture_0289_000_mf_n_00000000_f_n.png,0289slaking,slaking.png
0289slaking,poke_capture_0289_000_mf_n_00000000_f_r.png,0289slaking,slaking_shiny.png
0290nincada,poke_capture_0290_000_mf_n_00000000_f_n.png,0290nincada,nincada.png
0290nincada,poke_capture_0290_000_mf_n_00000000_f_r.png,0290nincada,nincada_shiny.png
0291ninjask,poke_capture_0291_000_mf_n_00000000_f_n.png,0291ninjask,ninjask.png
0291ninjask,poke_capture_0291_000_mf_n_00000000_f_r.png,0291ninjask,ninjask_shiny.png
0292shedinja,poke_capture_0292_000_uk_n_00000000_f_n.png,0292shedinja,shedinja.png
0292shedinja,poke_capture_0292_000_uk_n_00000000_f_r.png,0292shedinja,shedinja_shiny.png
0293whismur,poke_capture_0293_000_mf_n_00000000_f_n.png,0293whismur,whismur.png
0294loudred,poke_capture_0294_000_mf_n_00000000_f_n.png,0294loudred,loudred.png
0294loudred,poke_capture_0294_000_mf_n_00000000_f_r.png,0294loudred,loudred_shiny.png
0295exploud,poke_capture_0295_000_mf_n_00000000_f_n.png,0295exploud,exploud.png
0295exploud,poke_capture_0295_000_mf_n_00000000_f_r.png,0295exploud,exploud_shiny.png
0296makuhita,poke_capture_0296_000_mf_n_00000000_f_n.png,0296makuhita,makuhita.png
0297hariyama,poke_capture_0297_000_mf_n_00000000_f_n.png,0297hariyama,hariyama.png
0297hariyama,poke_capture_0297_000_mf_n_00000000_f_r.png,0297hariyama,hariyama_shiny.png
0298azurill,poke_capture_0298_000_mf_n_00000000_f_n.png,0298azurill,azurill.png
0298azurill,poke_capture_0298_000_mf_n_00000000_f_r.png,0298azurill,azurill_shiny.png
0300skitty,poke_capture_0300_000_mf_n_00000000_f_n.png,0300skitty,skitty.png
0301delcatty,poke_capture_0301_000_mf_n_00000000_f_n.png,0301delcatty,delcatty.png
0301delcatty,poke_capture_0301_000_mf_n_00000000_f_r.png,0301delcatty,delcatty_shiny.png
0302sableye,poke_capture_0302_000_mf_n_00000000_f_n.png,0302sableye,sableye.png
0302sableye,poke_capture_0302_000_mf_n_00000000_f_r.png,0302sableye,sableye_shiny.png
0302sableye,poke_capture_0302_001_mf_n_00000000_f_n.png,0302sableye,sableye-mega.png
0302sableye,poke_capture_0302_001_mf_n_00000000_f_r.png,0302sableye,sableye-mega_shiny.png
0303mawile,poke_capture_0303_000_mf_n_00000000_f_n.png,0303mawile,mawile.png
0303mawile,poke_capture_0303_000_mf_n_00000000_f_r.png,0303mawile,mawile_shiny.png
0304aron,poke_capture_0304_000_mf_n_00000000_f_n.png,0304aron,aron.png
0304aron,poke_capture_0304_000_mf_n_00000000_f_r.png,0304aron,aron_shiny.png
0305lairon,poke_capture_0305_000_mf_n_00000000_f_n.png,0305lairon,lairon.png
0305lairon,poke_capture_0305_000_mf_n_00000000_f_r.png,0305lairon,lairon_shiny.png
0306aggron,poke_capture_0306_000_mf_n_00000000_f_n.png,0306aggron,aggron.png
0306aggron,poke_capture_0306_000_mf_n_00000000_f_r.png,0306aggron,aggron_shiny.png
0306aggron,poke_capture_0306_001_mf_n_00000000_f_n.png,0306aggron,aggron-mega.png
0306aggron,poke_capture_0306_001_mf_n_00000000_f_r.png,0306aggron,aggron-mega_shiny.png
0307meditite,poke_capture_0307_000_fd_n_00000000_f_n.png,0307meditite,meditite.png
0307meditite,poke_capture_0307_000_md_n_00000000_f_r.png,0307meditite,meditite_shiny.png
0308medicham,poke_capture_0308_000_fd_n_00000000_f_n.png,0308medicham,medicham.png
0308medicham,poke_capture_0308_000_md_n_00000000_f_r.png,0308medicham,medicham_shiny.png
0308medicham,poke_capture_0308_001_mf_n_00000000_f_n.png,0308medicham,medicham-mega.png
0308medicham,poke_capture_0308_001_mf_n_00000000_f_r.png,0308medicham,medicham-mega_shiny.png
0309electrike,poke_capture_0309_000_mf_n_00000000_f_n.png,0309electrike,electrike.png
0309electrike,poke_capture_0309_000_mf_n_00000000_f_r.png,0309electrike,electrike_shiny.png
0310manectric,poke_capture_0310_000_mf_n_00000000_f_n.png,0310manectric,manectric.png
0310manectric,poke_capture_0310_000_mf_n_00000000_f_r.png,0310manectric,manectric_shiny.png
0310manectric,poke_capture_0310_001_mf_n_00000000_f_n.png,0310manectric,manectric-mega.png
0310manectric,poke_capture_0310_001_mf_n_00000000_f_r.png,0310manectric,manectric-mega_shiny.png
0311plusle,poke_capture_0311_000_mf_n_00000000_f_n.png,0311plusle,plusle.png
0311plusle,poke_capture_0311_000_mf_n_00000000_f_r.png,0311plusle,plusle_shiny.png
0312minun,poke_capture_0312_000_mf_n_00000000_f_n.png,0312minun,minun.png
0313volbeat,poke_capture_0313_000_mo_n_00000000_f_n.png,0313volbeat,volbeat.png
0314illumise,poke_capture_0314_000_fo_n_00000000_f_n.png,0314illumise,illumise.png
0315roselia,poke_capture_0315_000_fd_n_00000000_f_n.png,0315roselia,roselia.png
0315roselia,poke_capture_0315_000_fd_n_00000000_f_r.png,0315roselia,roselia_shiny.png
0316gulpin,poke_capture_0316_000_fd_n_00000000_f_n.png,0316gulpin,gulpin.png
0316gulpin,poke_capture_0316_000_fd_n_00000000_f_r.png,0316gulpin,gulpin_shiny.png
0317swalot,poke_capture_0317_000_fd_n_00000000_f_n.png,0317swalot,swalot.png
0318carvanha,poke_capture_0318_000_mf_n_00000000_f_n.png,0318carvanha,carvanha.png
0318carvanha,poke_capture_0318_000_mf_n_00000000_f_r.png,0318carvanha,carvanha_shiny.png
0319sharpedo,poke_capture_0319_000_mf_n_00000000_f_n.png,0319sharpedo,sharpedo.png
0319sharpedo,poke_capture_0319_000_mf_n_00000000_f_r.png,0319sharpedo,sharpedo_shiny.png
0319sharpedo,poke_capture_0319_001_mf_n_00000000_f_n.png,0319sharpedo,sharpedo-mega.png
0319sharpedo,poke_capture_0319_001_mf_n_00000000_f_r.png,0319sharpedo,sharpedo-mega_shiny.png
0320wailmer,poke_capture_0320_000_mf_n_00000000_f_n.png,0320wailmer,wailmer.png
0320wailmer,poke_capture_0320_000_mf_n_00000000_f_r.png,0320wailmer,wailmer_shiny.png
0321wailord,poke_capture_0321_000_mf_n_00000000_f_n.png,0321wailord,wailord.png
0321wailord,poke_capture_0321_000_mf_n_00000000_f_r.png,0321wailord,wailord_shiny.png
0322numel,poke_capture_0322_000_fd_n_00000000_f_n.png,0322numel,numel.png
0322numel,poke_capture_0322_000_fd_n_00000000_f_r.png,0322numel,numel_shiny.png
0322numel,poke_capture_0322_000_md_n_00000000_f_n.png,0322numel,numel.png
0322numel,poke_capture_0322_000_md_n_00000000_f_r.png,0322numel,numel_shiny.png
0323camerupt,poke_capture_0323_000_fd_n_00000000_f_n.png,0323camerupt,camerupt.png
0323camerupt,poke_capture_0323_000_fd_n_00000000_f_r.png,0323camerupt,camerupt_shiny.png
0323camerupt,poke_capture_0323_001_mf_n_00000000_f_n.png,0323camerupt,camerupt-mega.png
0323camerupt,poke_capture_0323_001_mf_n_00000000_f_r.png,0323camerupt,camerupt-mega_shiny.png
0324torkoal,poke_capture_0324_000_mf_n_00000000_f_n.png,0324torkoal,torkoal.png
0324torkoal,poke_capture_0324_000_mf_n_00000000_f_r.png,0324torkoal,torkoal_shiny.png
0325spoink,poke_capture_0325_000_mf_n_00000000_f_n.png,0325spoink,spoink.png
0325spoink,poke_capture_0325_000_mf_n_00000000_f_r.png,0325spoink,spoink_shiny.png
0326grumpig,poke_capture_0326_000_mf_n_00000000_f_n.png,0326grumpig,grumpig.png
0326grumpig,poke_capture_0326_000_mf_n_00000000_f_r.png,0326grumpig,grumpig_shiny.png
0327spinda,poke_capture_0327_000_mf_n_00000000_f_n.png,0327spinda,spinda.png
0327spinda,poke_capture_0327_000_mf_n_00000000_f_r.png,0327spinda,spinda_shiny.png
0328trapinch,poke_capture_0328_000_mf_n_00000000_f_n.png,0328trapinch,trapinch.png
0328trapinch,poke_capture_0328_000_mf_n_00000000_f_r.png,0328trapinch,trapinch_shiny.png
0329vibrava,poke_capture_0329_000_mf_n_00000000_f_n.png,0329vibrava,vibrava.png
0329vibrava,poke_capture_0329_000_mf_n_00000000_f_r.png,0329vibrava,vibrava_shiny.png
0330flygon,poke_capture_0330_000_mf_n_00000000_f_n.png,0330flygon,flygon.png
0331cacnea,poke_capture_0331_000_mf_n_00000000_f_n.png,0331cacnea,cacnea.png
0331cacnea,poke_capture_0331_000_mf_n_00000000_f_r.png,0331cacnea,cacnea_shiny.png
0332cacturne,poke_capture_0332_000_fd_n_00000000_f_n.png,0332cacturne,cacturne.png
0332cacturne,poke_capture_0332_000_fd_n_00000000_f_r.png,0332cacturne,cacturne_shiny.png
0333swablu,poke_capture_0333_000_mf_n_00000000_f_n.png,0333swablu,swablu.png
0333swablu,poke_capture_0333_000_mf_n_00000000_f_r.png,0333swablu,swablu_shiny.png
0334altaria,poke_capture_0334_000_mf_n_00000000_f_n.png,0334altaria,altaria.png
0334altaria,poke_capture_0334_000_mf_n_00000000_f_r.png,0334altaria,altaria_shiny.png
0334altaria,poke_capture_0334_001_mf_n_00000000_f_n.png,0334altaria,altaria-mega.png
0334altaria,poke_capture_0334_001_mf_n_00000000_f_r.png,0334altaria,altaria-mega_shiny.png
0335zangoose,poke_capture_0335_000_mf_n_00000000_f_n.png,0335zangoose,zangoose.png
0335zangoose,poke_capture_0335_000_mf_n_00000000_f_r.png,0335zangoose,zangoose_shiny.png
0336seviper,poke_capture_0336_000_mf_n_00000000_f_n.png,0336seviper,seviper.png
0336seviper,poke_capture_0336_000_mf_n_00000000_f_r.png,0336seviper,seviper_shiny.png
0337lunatone,poke_capture_0337_000_uk_n_00000000_f_n.png,0337lunatone,lunatone.png
0337lunatone,poke_capture_0337_000_uk_n_00000000_f_r.png,0337lunatone,lunatone_shiny.png
0338solrock,poke_capture_0338_000_uk_n_00000000_f_n.png,0338solrock,solrock.png
0338solrock,poke_capture_0338_000_uk_n_00000000_f_r.png,0338solrock,solrock_shiny.png
0339barboach,poke_capture_0339_000_mf_n_00000000_f_n.png,0339barboach,barboach.png
0339barboach,poke_capture_0339_000_mf_n_00000000_f_r.png,0339barboach,barboach_shiny.png
0340whiscash,poke_capture_0340_000_mf_n_00000000_f_n.png,0340whiscash,whiscash.png
0340whiscash,poke_capture_0340_000_mf_n_00000000_f_r.png,0340whiscash,whiscash_shiny.png
0341corphish,poke_capture_0341_000_mf_n_00000000_f_n.png,0341corphish,corphish.png
0341corphish,poke_capture_0341_000_mf_n_00000000_f_r.png,0341corphish,corphish_shiny.png
0342crawdaunt,poke_capture_0342_000_mf_n_00000000_f_n.png,0342crawdaunt,crawdaunt.png
0342crawdaunt,poke_capture_0342_000_mf_n_00000000_f_r.png,0342crawdaunt,crawdaunt_shiny.png
0343baltoy,poke_capture_0343_000_uk_n_00000000_f_n.png,0343baltoy,baltoy.png
0343baltoy,poke_capture_0343_000_uk_n_00000000_f_r.png,0343baltoy,baltoy_shiny.png
0344claydol,poke_capture_0344_000_uk_n_00000000_f_n.png,0344claydol,claydol.png
0344claydol,poke_capture_0344_000_uk_n_00000000_f_r.png,0344claydol,claydol_shiny.png
0345lileep,poke_capture_0345_000_mf_n_00000000_f_n.png,0345lileep,lileep.png
0345lileep,poke_capture_0345_000_mf_n_00000000_f_r.png,0345lileep,lileep_shiny.png
0346cradily,poke_capture_0346_000_mf_n_00000000_f_n.png,0346cradily,cradily.png
0346cradily,poke_capture_0346_000_mf_n_00000000_f_r.png,0346cradily,cradily_shiny.png
0347anorith,poke_capture_0347_000_mf_n_00000000_f_n.png,0347anorith,anorith.png
0347anorith,poke_capture_0347_000_mf_n_00000000_f_r.png,0347anorith,anorith_shiny.png
0348armaldo,poke_capture_0348_000_mf_n_00000000_f_n.png,0348armaldo,armaldo.png
0348armaldo,poke_capture_0348_000_mf_n_00000000_f_r.png,0348armaldo,armaldo_shiny.png
0349feebas,poke_capture_0349_000_mf_n_00000000_f_n.png,0349feebas,feebas.png
0349feebas,poke_capture_0349_000_mf_n_00000000_f_r.png,0349feebas,feebas_shiny.png
0350milotic,poke_capture_0350_000_fd_n_00000000_f_n.png,0350milotic,milotic.png
0350milotic,poke_capture_0350_000_fd_n_00000000_f_r.png,0350milotic,milotic_shiny.png
0351castform,poke_capture_0351_000_mf_n_00000000_f_n.png,0351castform,castform.png
0351castform,poke_capture_0351_000_mf_n_00000000_f_r.png,0351castform,castform_shiny.png
0351castform,poke_capture_0351_001_mf_n_00000000_f_n.png,0351castform,castform-sunny.png
0351castform,poke_capture_0351_002_mf_n_00000000_f_n.png,0351castform,castform-rainy.png
0351castform,poke_capture_0351_003_mf_n_00000000_f_n.png,0351castform,castform-snowy.png
0352kecleon,poke_capture_0352_000_mf_n_00000000_f_n.png,0352kecleon,kecleon.png
0352kecleon,poke_capture_0352_000_mf_n_00000000_f_r.png,0352kecleon,kecleon_shiny.png
0353shuppet,poke_capture_0353_000_mf_n_00000000_f_n.png,0353shuppet,shuppet.png
0354banette,poke_capture_0354_000_mf_n_00000000_f_n.png,0354banette,banette.png
0354banette,poke_capture_0354_000_mf_n_00000000_f_r.png,0354banette,banette_shiny.png
0354banette,poke_capture_0354_001_mf_n_00000000_f_n.png,0354banette,banette-mega.png
0354banette,poke_capture_0354_001_mf_n_00000000_f_r.png,0354banette,banette-mega_shiny.png
0355duskull,poke_capture_0355_000_mf_n_00000000_f_n.png,0355duskull,duskull.png
0355duskull,poke_capture_0355_000_mf_n_00000000_f_r.png,0355duskull,duskull_shiny.png
0356dusclops,poke_capture_0356_000_mf_n_00000000_f_n.png,0356dusclops,dusclops.png
0356dusclops,poke_capture_0356_000_mf_n_00000000_f_r.png,0356dusclops,dusclops_shiny.png
0357tropius,poke_capture_0357_000_mf_n_00000000_f_n.png,0357tropius,tropius.png
0358chimecho,poke_capture_0358_000_mf_n_00000000_f_n.png,0358chimecho,chimecho.png
0358chimecho,poke_capture_0358_000_mf_n_00000000_f_r.png,0358chimecho,chimecho_shiny.png
0359absol,poke_capture_0359_000_mf_n_00000000_f_n.png,0359absol,absol_right.png
0359absol,poke_capture_0359_000_mf_n_00000000_f_r.png,0359absol,absol_shiny_right.png
0359absol,poke_capture_0359_001_mf_n_00000000_f_n.png,0359absol,absol-mega.png
0359absol,poke_capture_0359_001_mf_n_00000000_f_r.png,0359absol,absol-mega_shiny.png
0360wynaut,poke_capture_0360_000_mf_n_00000000_f_n.png,0360wynaut,wynaut.png
0360wynaut,poke_capture_0360_000_mf_n_00000000_f_r.png,0360wynaut,wynaut_shiny.png
0361snorunt,poke_capture_0361_000_mf_n_00000000_f_n.png,0361snorunt,snorunt.png
0361snorunt,poke_capture_0361_000_mf_n_00000000_f_r.png,0361snorunt,snorunt_shiny.png
0362glalie,poke_capture_0362_000_mf_n_00000000_f_n.png,0362glalie,glalie.png
0362glalie,poke_capture_0362_000_mf_n_00000000_f_r.png,0362glalie,glalie_shiny.png
0364sealeo,poke_capture_0364_000_mf_n_00000000_f_n.png,0364sealeo,sealeo.png
0364sealeo,poke_capture_0364_000_mf_n_00000000_f_r.png,0364sealeo,sealeo_shiny.png
0365walrein,poke_capture_0365_000_mf_n_00000000_f_n.png,0365walrein,walrein.png
0365walrein,poke_capture_0365_000_mf_n_00000000_f_r.png,0365walrein,walrein_shiny.png
0366clamperl,poke_capture_0366_000_mf_n_00000000_f_n.png,0366clamperl,clamperl.png
0366clamperl,poke_capture_0366_000_mf_n_00000000_f_r.png,0366clamperl,clamperl_shiny.png
0367huntail,poke_capture_0367_000_mf_n_00000000_f_n.png,0367huntail,huntail.png
0367huntail,poke_capture_0367_000_mf_n_00000000_f_r.png,0367huntail,huntail_shiny.png
0368gorebyss,poke_capture_0368_000_mf_n_00000000_f_n.png,0368gorebyss,gorebyss.png
0368gorebyss,poke_capture_0368_000_mf_n_00000000_f_r.png,0368gorebyss,gorebyss_shiny.png
0369relicanth,poke_capture_0369_000_fd_n_00000000_f_n.png,0369relicanth,relicanth.png
0369relicanth,poke_capture_0369_000_fd_n_00000000_f_r.png,0369relicanth,relicanth_shiny.png
0370luvdisc,poke_capture_0370_000_mf_n_00000000_f_n.png,0370luvdisc,luvdisc.png
0370luvdisc,poke_capture_0370_000_mf_n_00000000_f_r.png,0370luvdisc,luvdisc_shiny.png
0371bagon,poke_capture_0371_000_mf_n_00000000_f_n.png,0371bagon,bagon.png
0371bagon,poke_capture_0371_000_mf_n_00000000_f_r.png,0371bagon,bagon_shiny.png
0372shelgon,poke_capture_0372_000_mf_n_00000000_f_n.png,0372shelgon,shelgon.png
0372shelgon,poke_capture_0372_000_mf_n_00000000_f_r.png,0372shelgon,shelgon_shiny.png
0373salamence,poke_capture_0373_000_mf_n_00000000_f_n.png,0373salamence,salamence.png
0373salamence,poke_capture_0373_000_mf_n_00000000_f_r.png,0373salamence,salamence_shiny.png
0373salamence,poke_capture_0373_001_mf_n_00000000_f_n.png,0373salamence,salamence-mega.png
0373salamence,poke_capture_0373_001_mf_n_00000000_f_r.png,0373salamence,salamence-mega_shiny.png
0374beldum,poke_capture_0374_000_uk_n_00000000_f_n.png,0374beldum,beldum.png
0374beldum,poke_capture_0374_000_uk_n_00000000_f_r.png,0374beldum,beldum_shiny.png
0375metang,poke_capture_0375_000_uk_n_00000000_f_n.png,0375metang,metang.png
0375metang,poke_capture_0375_000_uk_n_00000000_f_r.png,0375metang,metang_shiny.png
0376metagross,poke_capture_0376_000_uk_n_00000000_f_n.png,0376metagross,metagross.png
0376metagross,poke_capture_0376_001_uk_n_00000000_f_n.png,0376metagross,metagross-mega.png
0376metagross,poke_capture_0376_001_uk_n_00000000_f_r.png,0376metagross,metagross-mega_shiny.png
0377regirock,poke_capture_0377_000_uk_n_00000000_f_n.png,0377regirock,regirock.png
0377regirock,poke_capture_0377_000_uk_n_00000000_f_r.png,0377regirock,regirock_shiny.png
0378regice,poke_capture_0378_000_uk_n_00000000_f_n.png,0378regice,regice.png
0379registeel,poke_capture_0379_000_uk_n_00000000_f_n.png,0379registeel,registeel.png
0380latias,poke_capture_0380_000_fo_n_00000000_f_n.png,0380latias,latias.png
0380latias,poke_capture_0380_000_fo_n_00000000_f_r.png,0380latias,latias_shiny.png
0381latios,poke_capture_0381_000_mo_n_00000000_f_n.png,0381latios,latios.png
0381latios,poke_capture_0381_000_mo_n_00000000_f_r.png,0381latios,latios_shiny.png
0381latios,poke_capture_0381_001_mo_n_00000000_f_n.png,0381latios,latios-mega.png
0381latios,poke_capture_0381_001_mo_n_00000000_f_r.png,0381latios,latios-mega_shiny.png
0382kyogre,poke_capture_0382_000_uk_n_00000000_f_n.png,0382kyogre,kyogre.png
0382kyogre,poke_capture_0382_000_uk_n_00000000_f_r.png,0382kyogre,kyogre_shiny.png
0382kyogre,poke_capture_0382_001_uk_n_00000000_f_n.png,0382kyogre,kyogre-primal.png
0382kyogre,poke_capture_0382_001_uk_n_00000000_f_r.png,0382kyogre,kyogre-primal_shiny.png
0383groudon,poke_capture_0383_000_uk_n_00000000_f_n.png,0383groudon,groudon.png
0384rayquaza,poke_capture_0384_000_uk_n_00000000_f_n.png,0384rayquaza,rayquaza.png
0384rayquaza,poke_capture_0384_000_uk_n_00000000_f_r.png,0384rayquaza,rayquaza_shiny.png
0384rayquaza,poke_capture_0384_001_uk_n_00000000_f_n.png,0384rayquaza,rayquaza-mega.png
0384rayquaza,poke_capture_0384_001_uk_n_00000000_f_r.png,0384rayquaza,rayquaza-mega_shiny.png
0385jirachi,poke_capture_0385_000_uk_n_00000000_f_n.png,0385jirachi,jirachi.png
0386deoxys,poke_capture_0386_000_uk_n_00000000_f_n.png,0386deoxys,deoxys.png
0386deoxys,poke_capture_0386_000_uk_n_00000000_f_r.png,0386deoxys,deoxys_shiny.png
0386deoxys,poke_capture_0386_001_uk_n_00000000_f_n.png,0386deoxys,deoxys-attack.png
0386deoxys,poke_capture_0386_001_uk_n_00000000_f_r.png,0386deoxys,deoxys-attack_shiny.png
0386deoxys,poke_capture_0386_003_uk_n_00000000_f_n.png,0386deoxys,deoxys-speed.png
0386deoxys,poke_capture_0386_003_uk_n_00000000_f_r.png,0386deoxys,deoxys-speed_shiny.png
0387turtwig,poke_capture_0387_000_mf_n_00000000_f_n.png,0387turtwig,turtwig.png
0387turtwig,poke_capture_0387_000_mf_n_00000000_f_r.png,0387turtwig,turtwig_shiny.png
0388grotle,poke_capture_0388_000_mf_n_00000000_f_n.png,0388grotle,grotle.png
0388grotle,poke_capture_0388_000_mf_n_00000000_f_r.png,0388grotle,grotle_shiny.png
0389torterra,poke_capture_0389_000_mf_n_00000000_f_n.png,0389torterra,torterra.png
0389torterra,poke_capture_0389_000_mf_n_00000000_f_r.png,0389torterra,torterra_shiny.png
0390chimchar,poke_capture_0390_000_mf_n_00000000_f_n.png,0390chimchar,chimchar.png
0390chimchar,poke_capture_0390_000_mf_n_00000000_f_r.png,0390chimchar,chimchar_shiny.png
0391monferno,poke_capture_0391_000_mf_n_00000000_f_n.png,0391monferno,monferno.png
0391monferno,poke_capture_0391_000_mf_n_00000000_f_r.png,0391monferno,monferno_shiny.png
0392infernape,poke_capture_0392_000_mf_n_00000000_f_n.png,0392infernape,infernape.png
0392infernape,poke_capture_0392_000_mf_n_00000000_f_r.png,0392infernape,infernape_shiny.png
0394prinplup,poke_capture_0394_000_mf_n_00000000_f_n.png,0394prinplup,prinplup.png
0395empoleon,poke_capture_0395_000_mf_n_00000000_f_n.png,0395empoleon,empoleon.png
0395empoleon,poke_capture_0395_000_mf_n_00000000_f_r.png,0395empoleon,empoleon_shiny.png
0396starly,poke_capture_0396_000_fd_n_00000000_f_n.png,0396starly,starly.png
0396starly,poke_capture_0396_000_fd_n_00000000_f_r.png,0396starly,starly_shiny.png
0397staravia,poke_capture_0397_000_fd_n_00000000_f_n.png,0397staravia,staravia.png
0397staravia,poke_capture_0397_000_fd_n_00000000_f_r.png,0397staravia,staravia_shiny.png
0398staraptor,poke_capture_0398_000_fd_n_00000000_f_n.png,0398staraptor,staraptor.png
0398staraptor,poke_capture_0398_000_fd_n_00000000_f_r.png,0398staraptor,staraptor_shiny.png
0399bidoof,poke_capture_0399_000_fd_n_00000000_f_n.png,0399bidoof,bidoof.png
0399bidoof,poke_capture_0399_000_fd_n_00000000_f_r.png,0399bidoof,bidoof_shiny.png
0400bibarel,poke_capture_0400_000_fd_n_00000000_f_n.png,0400bibarel,bibarel.png
0401kricketot,poke_capture_0401_000_fd_n_00000000_f_n.png,0401kricketot,kricketot.png
0401kricketot,poke_capture_0401_000_fd_n_00000000_f_r.png,0401kricketot,kricketot_shiny.png
0402kricketune,poke_capture_0402_000_fd_n_00000000_f_n.png,0402kricketune,kricketune.png
0402kricketune,poke_capture_0402_000_fd_n_00000000_f_r.png,0402kricketune,kricketune_shiny.png
0403shinx,poke_capture_0403_000_fd_n_00000000_f_n.png,0403shinx,shinx.png
0404luxio,poke_capture_0404_000_fd_n_00000000_f_n.png,0404luxio,luxio.png
0404luxio,poke_capture_0404_000_fd_n_00000000_f_r.png,0404luxio,luxio_shiny.png
0405luxray,poke_capture_0405_000_fd_n_00000000_f_n.png,0405luxray,luxray.png
0405luxray,poke_capture_0405_000_fd_n_00000000_f_r.png,0405luxray,luxray_shiny.png
0406budew,poke_capture_0406_000_mf_n_00000000_f_n.png,0406budew,budew.png
0407roserade,poke_capture_0407_000_fd_n_00000000_f_n.png,0407roserade,roserade.png
0407roserade,poke_capture_0407_000_fd_n_00000000_f_r.png,0407roserade,roserade_shiny.png
0410shieldon,poke_capture_0410_000_mf_n_00000000_f_n.png,0410shieldon,shieldon.png
0410shieldon,poke_capture_0410_000_mf_n_00000000_f_r.png,0410shieldon,shieldon_shiny.png
0411bastiodon,poke_capture_0411_000_mf_n_00000000_f_n.png,0411bastiodon,bastiodon.png
0411bastiodon,poke_capture_0411_000_mf_n_00000000_f_r.png,0411bastiodon,bastiodon_shiny.png
0412burmy,poke_capture_0412_000_mf_n_00000000_f_n.png,0412burmy,burmy.png
0412burmy,poke_capture_0412_000_mf_n_00000000_f_r.png,0412burmy,burmy_shiny.png
0412burmy,poke_capture_0412_001_mf_n_00000000_f_n.png,0412burmy,burmy-sandy.png
0412burmy,poke_capture_0412_001_mf_n_00000000_f_r.png,0412burmy,burmy-sandy_shiny.png
0412burmy,poke_capture_0412_002_mf_n_00000000_f_n.png,0412burmy,burmy-trash.png
0412burmy,poke_capture_0412_002_mf_n_00000000_f_r.png,0412burmy,burmy-trash_shiny.png
0413wormadam,poke_capture_0413_000_fo_n_00000000_f_n.png,0413wormadam,wormadam.png
0413wormadam,poke_capture_0413_001_fo_n_00000000_f_n.png,0413wormadam,wormadam-sandy.png
0413wormadam,poke_capture_0413_002_fo_n_00000000_f_n.png,0413wormadam,wormadam-trash.png
0413wormadam,poke_capture_0413_002_fo_n_00000000_f_r.png,0413wormadam,wormadam-trash_shiny.png
0414mothim,poke_capture_0414_000_mo_n_00000000_f_n.png,0414mothim,mothim.png
0414mothim,poke_capture_0414_000_mo_n_00000000_f_r.png,0414mothim,mothim_shiny.png
0415combee,poke_capture_0415_000_fd_n_00000000_f_n.png,0415combee,combee.png
0415combee,poke_capture_0415_000_fd_n_00000000_f_r.png,0415combee,combee_shiny.png
0416vespiquen,poke_capture_0416_000_fo_n_00000000_f_n.png,0416vespiquen,vespiquen.png
0416vespiquen,poke_capture_0416_000_fo_n_00000000_f_r.png,0416vespiquen,vespiquen_shiny.png
0417pachirisu,poke_capture_0417_000_fd_n_00000000_f_n.png,0417pachirisu,pachirisu.png
0417pachirisu,poke_capture_0417_000_md_n_00000000_f_r.png,0417pachirisu,pachirisu_shiny.png
0418buizel,poke_capture_0418_000_fd_n_00000000_f_n.png,0418buizel,buizel.png
0418buizel,poke_capture_0418_000_fd_n_00000000_f_r.png,0418buizel,buizel_shiny.png
0419floatzel,poke_capture_0419_000_fd_n_00000000_f_n.png,0419floatzel,floatzel.png
0419floatzel,poke_capture_0419_000_fd_n_00000000_f_r.png,0419floatzel,floatzel_shiny.png
0420cherubi,poke_capture_0420_000_mf_n_00000000_f_n.png,0420cherubi,cherubi.png
0420cherubi,poke_capture_0420_000_mf_n_00000000_f_r.png,0420cherubi,cherubi_shiny.png
0421cherrim,poke_capture_0421_000_mf_n_00000000_f_n.png,0421cherrim,cherrim.png
0421cherrim,poke_capture_0421_000_mf_n_00000000_f_r.png,0421cherrim,cherrim_shiny.png
0421cherrim,poke_capture_0421_001_mf_n_00000000_f_n.png,0421cherrim,cherrim-sunshine.png
0421cherrim,poke_capture_0421_001_mf_n_00000000_f_r.png,0421cherrim,cherrim-sunshine_shiny.png
0422shellos,poke_capture_0422_000_mf_n_00000000_f_n.png,0422shellos,shellos.png
0422shellos,poke_capture_0422_000_mf_n_00000000_f_r.png,0422shellos,shellos_shiny.png
0422shellos,poke_capture_0422_001_mf_n_00000000_f_n.png,0422shellos,shellos-east.png
0422shellos,poke_capture_0422_001_mf_n_00000000_f_r.png,0422shellos,shellos-east_shiny.png
0423gastrodon,poke_capture_0423_000_mf_n_00000000_f_n.png,0423gastrodon,gastrodon.png
0423gastrodon,poke_capture_0423_001_mf_n_00000000_f_n.png,0423gastrodon,gastrodon-east.png
0423gastrodon,poke_capture_0423_001_mf_n_00000000_f_r.png,0423gastrodon,gastrodon-east_shiny.png
0424ambipom,poke_capture_0424_000_fd_n_00000000_f_n.png,0424ambipom,ambipom.png
0424ambipom,poke_capture_0424_000_fd_n_00000000_f_r.png,0424ambipom,ambipom_shiny.png
0424ambipom,poke_capture_0424_000_md_n_00000000_f_n.png,0424ambipom,ambipom.png
0424ambipom,poke_capture_0424_000_md_n_00000000_f_r.png,0424ambipom,ambipom_shiny.png
0425drifloon,poke_capture_0425_000_mf_n_00000000_f_n.png,0425drifloon,drifloon.png
0425drifloon,poke_capture_0425_000_mf_n_00000000_f_r.png,0425drifloon,drifloon_shiny.png
0426drifblim,poke_capture_0426_000_mf_n_00000000_f_n.png,0426drifblim,drifblim.png
0426drifblim,poke_capture_0426_000_mf_n_00000000_f_r.png,0426drifblim,drifblim_shiny.png
0427buneary,poke_capture_0427_000_mf_n_00000000_f_n.png,0427buneary,buneary.png
0427buneary,poke_capture_0427_000_mf_n_00000000_f_r.png,0427buneary,buneary_shiny.png
0428lopunny,poke_capture_0428_000_mf_n_00000000_f_n.png,0428lopunny,lopunny.png
0428lopunny,poke_capture_0428_000_mf_n_00000000_f_r.png,0428lopunny,lopunny_shiny.png
0428lopunny,poke_capture_0428_001_mf_n_00000000_f_n.png,0428lopunny,lopunny-mega.png
0428lopunny,poke_capture_0428_001_mf_n_00000000_f_r.png,0428lopunny,lopunny-mega_shiny.png
0429mismagius,poke_capture_0429_000_mf_n_00000000_f_n.png,0429mismagius,mismagius.png
0429mismagius,poke_capture_0429_000_mf_n_00000000_f_r.png,0429mismagius,mismagius_shiny.png
0430honchkrow,poke_capture_0430_000_mf_n_00000000_f_n.png,0430honchkrow,honchkrow.png
0430honchkrow,poke_capture_0430_000_mf_n_00000000_f_r.png,0430honchkrow,honchkrow_shiny.png
0431glameow,poke_capture_0431_000_mf_n_00000000_f_n.png,0431glameow,glameow.png
0431glameow,poke_capture_0431_000_mf_n_00000000_f_r.png,0431glameow,glameow_shiny.png
0432purugly,poke_capture_0432_000_mf_n_00000000_f_n.png,0432purugly,purugly.png
0432purugly,poke_capture_0432_000_mf_n_00000000_f_r.png,0432purugly,purugly_shiny.png
0433chingling,poke_capture_0433_000_mf_n_00000000_f_n.png,0433chingling,chingling.png
0433chingling,poke_capture_0433_000_mf_n_00000000_f_r.png,0433chingling,chingling_shiny.png
0434stunky,poke_capture_0434_000_mf_n_00000000_f_n.png,0434stunky,stunky.png
0434stunky,poke_capture_0434_000_mf_n_00000000_f_r.png,0434stunky,stunky_shiny.png
0435skuntank,poke_capture_0435_000_mf_n_00000000_f_n.png,0435skuntank,skuntank.png
0435skuntank,poke_capture_0435_000_mf_n_00000000_f_r.png,0435skuntank,skuntank_shiny.png
0436bronzor,poke_capture_0436_000_uk_n_00000000_f_n.png,0436bronzor,bronzor.png
0436bronzor,poke_capture_0436_000_uk_n_00000000_f_r.png,0436bronzor,bronzor_shiny.png
0437bronzong,poke_capture_0437_000_uk_n_00000000_f_n.png,0437bronzong,bronzong.png
0437bronzong,poke_capture_0437_000_uk_n_00000000_f_r.png,0437bronzong,bronzong_shiny.png
0438bonsly,poke_capture_0438_000_mf_n_00000000_f_n.png,0438bonsly,bonsly.png
0438bonsly,poke_capture_0438_000_mf_n_00000000_f_r.png,0438bonsly,bonsly_shiny.png
0439mime jr,poke_capture_0439_000_mf_n_00000000_f_n.png,0439mime jr,mime jr.png
0439mime jr,poke_capture_0439_000_mf_n_00000000_f_r.png,0439mime jr,mime jr_shiny.png
0440happiny,poke_capture_0440_000_fo_n_00000000_f_n.png,0440happiny,happiny.png
0440happiny,poke_capture_0440_000_fo_n_00000000_f_r.png,0440happiny,happiny_shiny.png
0441chatot,poke_capture_0441_000_mf_n_00000000_f_n.png,0441chatot,chatot.png
0441chatot,poke_capture_0441_000_mf_n_00000000_f_r.png,0441chatot,chatot_shiny.png
0442spiritomb,poke_capture_0442_000_mf_n_00000000_f_n.png,0442spiritomb,spiritomb.png
0442spiritomb,poke_capture_0442_000_mf_n_00000000_f_r.png,0442spiritomb,spiritomb_shiny.png
0443gible,poke_capture_0443_000_fd_n_00000000_f_n.png,0443gible,gible.png
0443gible,poke_capture_0443_000_md_n_00000000_f_r.png,0443gible,gible_shiny.png
0444gabite,poke_capture_0444_000_fd_n_00000000_f_n.png,0444gabite,gabite.png
0444gabite,poke_capture_0444_000_md_n_00000000_f_r.png,0444gabite,gabite_shiny.png
0445garchomp,poke_capture_0445_000_fd_n_00000000_f_n.png,0445garchomp,garchomp.png
0445garchomp,poke_capture_0445_001_mf_n_00000000_f_n.png,0445garchomp,garchomp-mega.png
0445garchomp,poke_capture_0445_001_mf_n_00000000_f_r.png,0445garchomp,garchomp-mega_shiny.png
0446munchlax,poke_capture_0446_000_mf_n_00000000_f_n.png,0446munchlax,munchlax.png
0447riolu,poke_capture_0447_000_mf_n_00000000_f_n.png,0447riolu,riolu.png
0447riolu,poke_capture_0447_000_mf_n_00000000_f_r.png,0447riolu,riolu_shiny.png
0448lucario,poke_capture_0448_000_mf_n_00000000_f_n.png,0448lucario,lucario.png
0448lucario,poke_capture_0448_000_mf_n_00000000_f_r.png,0448lucario,lucario_shiny.png
0448lucario,poke_capture_0448_001_mf_n_00000000_f_n.png,0448lucario,lucario-mega.png
0448lucario,poke_capture_0448_001_mf_n_00000000_f_r.png,0448lucario,lucario-mega_shiny.png
0449hippopotas,poke_capture_0449_000_fd_n_00000000_f_n.png,0449hippopotas,hippopotas_female.png
0449hippopotas,poke_capture_0449_000_fd_n_00000000_f_r.png,0449hippopotas,hippopotas_shiny_female.png
0449hippopotas,poke_capture_0449_000_md_n_00000000_f_n.png,0449hippopotas,hippopotas.png
0449hippopotas,poke_capture_0449_000_md_n_00000000_f_r.png,0449hippopotas,hippopotas_shiny.png
0450hippowdon,poke_capture_0450_000_fd_n_00000000_f_n.png,0450hippowdon,hippowdon_female.png
0450hippowdon,poke_capture_0450_000_fd_n_00000000_f_r.png,0450hippowdon,hippowdon_shiny_female.png
0450hippowdon,poke_capture_0450_000_md_n_00000000_f_n.png,0450hippowdon,hippowdon.png
0450hippowdon,poke_capture_0450_000_md_n_00000000_f_r.png,0450hippowdon,hippowdon_shiny.png